id,Repository,Address,Description,Stars,Language,Updated,other
1,CyC2018/CS-Notes,https://github.com/CyC2018/CS-Notes,ğŸ“š æŠ€æœ¯é¢è¯•å¿…å¤‡åŸºç¡€çŸ¥è¯†ã€Leetcodeã€è®¡ç®—æœºæ“ä½œç³»ç»Ÿã€è®¡ç®—æœºç½‘ç»œã€ç³»ç»Ÿè®¾è®¡,140.9k,Java,10/22,
2,Snailclimb/JavaGuide,https://github.com/Snailclimb/JavaGuide,ã€ŒJavaå­¦ä¹ +é¢è¯•æŒ‡å—ã€ä¸€ä»½æ¶µç›–å¤§éƒ¨åˆ† Java ç¨‹åºå‘˜æ‰€éœ€è¦æŒæ¡çš„æ ¸å¿ƒçŸ¥è¯†ã€‚å‡†å¤‡ Java é¢è¯•ï¼Œé¦–é€‰ JavaGuideï¼,112.9k,Java,10/28,
3,jackfrued/Python-100-Days,https://github.com/jackfrued/Python-100-Days,Python - 100å¤©ä»æ–°æ‰‹åˆ°å¤§å¸ˆ,110.8k,Python,10/27,
4,labuladong/fucking-algorithm,https://github.com/labuladong/fucking-algorithm,åˆ·ç®—æ³•å…¨é å¥—è·¯ï¼Œè®¤å‡† labuladong å°±å¤Ÿäº†ï¼English version supported! Crack LeetCode not only how  but also why.,97.6k,-,10/31,
5,justjavac/free-programming-books-zh_CN,https://github.com/justjavac/free-programming-books-zh_CN,ğŸ“š å…è´¹çš„è®¡ç®—æœºç¼–ç¨‹ç±»ä¸­æ–‡ä¹¦ç±ï¼Œæ¬¢è¿æŠ•ç¨¿,83.7k,-,09/08,
6,MisterBooo/LeetCodeAnimation,https://github.com/MisterBooo/LeetCodeAnimation,Demonstrate all the questions on LeetCode in the form of animation.ï¼ˆç”¨åŠ¨ç”»çš„å½¢å¼å‘ˆç°è§£LeetCodeé¢˜ç›®çš„æ€è·¯ï¼‰,67.5k,Java,06/24,
7,doocs/advanced-java,https://github.com/doocs/advanced-java,ğŸ˜® Core Interview Questions & Answers For Experienced Java(Backend) Developers   äº’è”ç½‘ Java å·¥ç¨‹å¸ˆè¿›é˜¶çŸ¥è¯†å®Œå…¨æ‰«ç›²ï¼šæ¶µç›–é«˜å¹¶å‘ã€åˆ†å¸ƒå¼ã€é«˜å¯ç”¨ã€å¾®æœåŠ¡ã€æµ·é‡æ•°æ®å¤„ç†ç­‰é¢†åŸŸçŸ¥è¯†,58.3k,Java,10/24,
8,xingshaocheng/architect-awesome,https://github.com/xingshaocheng/architect-awesome,åç«¯æ¶æ„å¸ˆæŠ€æœ¯å›¾è°±,54.6k,-,09/08,
9,macrozheng/mall,https://github.com/macrozheng/mall,mallé¡¹ç›®æ˜¯ä¸€å¥—ç”µå•†ç³»ç»Ÿï¼ŒåŒ…æ‹¬å‰å°å•†åŸç³»ç»ŸåŠåå°ç®¡ç†ç³»ç»Ÿï¼ŒåŸºäºSpringBoot+MyBatiså®ç°ï¼Œé‡‡ç”¨Dockerå®¹å™¨åŒ–éƒ¨ç½²ã€‚ å‰å°å•†åŸç³»ç»ŸåŒ…å«é¦–é¡µé—¨æˆ·ã€å•†å“æ¨èã€å•†å“æœç´¢ã€å•†å“å±•ç¤ºã€è´­ç‰©è½¦ã€è®¢å•æµç¨‹ã€ä¼šå‘˜ä¸­å¿ƒã€å®¢æˆ·æœåŠ¡ã€å¸®åŠ©ä¸­å¿ƒç­‰æ¨¡å—ã€‚ åå°ç®¡ç†ç³»ç»ŸåŒ…å«å•†å“ç®¡ç†ã€è®¢å•ç®¡ç†ã€ä¼šå‘˜ç®¡ç†ã€ä¿ƒé”€ç®¡ç†ã€è¿è¥ç®¡ç†ã€å†…å®¹ç®¡ç†ã€ç»Ÿè®¡æŠ¥è¡¨ã€è´¢åŠ¡ç®¡ç†ã€æƒé™ç®¡ç†ã€è®¾ç½®ç­‰æ¨¡å—ã€‚,53.7k,Java,10/31,
10,bailicangdu/vue2-elm,https://github.com/bailicangdu/vue2-elm,åŸºäº vue2 + vuex æ„å»ºä¸€ä¸ªå…·æœ‰ 45 ä¸ªé¡µé¢çš„å¤§å‹å•é¡µé¢åº”ç”¨,37.1k,Vue,09/13,
11,justjavac/awesome-wechat-weapp,https://github.com/justjavac/awesome-wechat-weapp,å¾®ä¿¡å°ç¨‹åºå¼€å‘èµ„æºæ±‡æ€» :100:,36.4k,-,10/14,
12,chinese-poetry/chinese-poetry,https://github.com/chinese-poetry/chinese-poetry,The most comprehensive database of Chinese poetry ğŸ§¶æœ€å…¨ä¸­åå¤è¯—è¯æ•°æ®åº“ã€å”å®‹ä¸¤æœè¿‘ä¸€ä¸‡å››åƒå¤è¯—äººã€æ¥è¿‘5.5ä¸‡é¦–å”è¯—åŠ 26ä¸‡å®‹è¯—.  ä¸¤å®‹æ—¶æœŸ1564ä½è¯äººã€21050é¦–è¯ã€‚,34.3k,JavaScript,10/09,
13,apachecn/AiLearning,https://github.com/apachecn/AiLearning,AiLearning: æœºå™¨å­¦ä¹  - MachineLearning - MLã€æ·±åº¦å­¦ä¹  - DeepLearning - DLã€è‡ªç„¶è¯­è¨€å¤„ç† NLP,31.8k,Python,09/07,
14,fighting41love/funNLP,https://github.com/fighting41love/funNLP,ä¸­è‹±æ–‡æ•æ„Ÿè¯ã€è¯­è¨€æ£€æµ‹ã€ä¸­å¤–æ‰‹æœº/ç”µè¯å½’å±åœ°/è¿è¥å•†æŸ¥è¯¢ã€åå­—æ¨æ–­æ€§åˆ«ã€æ‰‹æœºå·æŠ½å–ã€èº«ä»½è¯æŠ½å–ã€é‚®ç®±æŠ½å–ã€ä¸­æ—¥æ–‡äººååº“ã€ä¸­æ–‡ç¼©å†™åº“ã€æ‹†å­—è¯å…¸ã€è¯æ±‡æƒ…æ„Ÿå€¼ã€åœç”¨è¯ã€ååŠ¨è¯è¡¨ã€æš´æè¯è¡¨ã€ç¹ç®€ä½“è½¬æ¢ã€è‹±æ–‡æ¨¡æ‹Ÿä¸­æ–‡å‘éŸ³ã€æ±ªå³°æ­Œè¯ç”Ÿæˆå™¨ã€èŒä¸šåç§°è¯åº“ã€åŒä¹‰è¯åº“ã€åä¹‰è¯åº“ã€å¦å®šè¯åº“ã€æ±½è½¦å“ç‰Œè¯åº“ã€æ±½è½¦é›¶ä»¶è¯åº“ã€è¿ç»­è‹±æ–‡åˆ‡å‰²ã€å„ç§ä¸­æ–‡è¯å‘é‡ã€å…¬å¸åå­—å¤§å…¨ã€å¤è¯—è¯åº“ã€ITè¯åº“ã€è´¢ç»è¯åº“ã€æˆè¯­è¯åº“ã€åœ°åè¯åº“ã€å†å²åäººè¯åº“ã€è¯—è¯è¯åº“ã€åŒ»å­¦è¯åº“ã€é¥®é£Ÿè¯åº“ã€æ³•å¾‹è¯åº“ã€æ±½è½¦è¯åº“ã€åŠ¨ç‰©è¯åº“ã€ä¸­æ–‡èŠå¤©è¯­æ–™ã€ä¸­æ–‡è°£è¨€æ•°æ®ã€ç™¾åº¦ä¸­æ–‡é—®ç­”æ•°æ®é›†ã€å¥å­ç›¸ä¼¼åº¦åŒ¹é…ç®—æ³•é›†åˆã€bertèµ„æºã€æ–‡æœ¬ç”Ÿæˆ&æ‘˜è¦ç›¸å…³å·¥å…·ã€cocoNLPä¿¡æ¯æŠ½å– ...,34.5k,Python,08/20,
15,dcloudio/uni-app,https://github.com/dcloudio/uni-app,uni-app æ˜¯ä½¿ç”¨ Vue è¯­æ³•å¼€å‘å°ç¨‹åºã€H5ã€Appçš„ç»Ÿä¸€æ¡†æ¶,34.1k,JavaScript,10/31,
16,0voice/interview_internal_reference,https://github.com/0voice/interview_internal_reference,2021å¹´æœ€æ–°æ€»ç»“ï¼Œé˜¿é‡Œï¼Œè…¾è®¯ï¼Œç™¾åº¦ï¼Œç¾å›¢ï¼Œå¤´æ¡ç­‰æŠ€æœ¯é¢è¯•é¢˜ç›®ï¼Œä»¥åŠç­”æ¡ˆï¼Œä¸“å®¶å‡ºé¢˜äººåˆ†ææ±‡æ€»ã€‚,32.7k,Python,08/25,
17,testerSunshine/12306,https://github.com/testerSunshine/12306,12306æ™ºèƒ½åˆ·ç¥¨ï¼Œè®¢ç¥¨,30.3k,Python,08/25,
18,NervJS/taro,https://github.com/NervJS/taro,å¼€æ”¾å¼è·¨ç«¯è·¨æ¡†æ¶è§£å†³æ–¹æ¡ˆï¼Œæ”¯æŒä½¿ç”¨ React/Vue/Nerv ç­‰æ¡†æ¶æ¥å¼€å‘å¾®ä¿¡/äº¬ä¸œ/ç™¾åº¦/æ”¯ä»˜å®/å­—èŠ‚è·³åŠ¨/ QQ å°ç¨‹åº/H5/React Native ç­‰åº”ç”¨ã€‚  https://taro.zone/,29.9k,JavaScript,10/31,
19,xitu/gold-miner,https://github.com/xitu/gold-miner,ğŸ¥‡æ˜é‡‘ç¿»è¯‘è®¡åˆ’ï¼Œå¯èƒ½æ˜¯ä¸–ç•Œæœ€å¤§æœ€å¥½çš„è‹±è¯‘ä¸­æŠ€æœ¯ç¤¾åŒºï¼Œæœ€æ‡‚è¯»è€…å’Œè¯‘è€…çš„ç¿»è¯‘å¹³å°ï¼š,29.7k,-,10/30,
20,alibaba/arthas,https://github.com/alibaba/arthas,Alibaba Java Diagnostic Tool Arthas/Alibaba Javaè¯Šæ–­åˆ©å™¨Arthas,27.5k,Java,10/29,
21,shengxinjing/programmer-job-blacklist,https://github.com/shengxinjing/programmer-job-blacklist,:see_no_evil:ç¨‹åºå‘˜æ‰¾å·¥ä½œé»‘åå•ï¼Œæ¢å·¥ä½œå’Œå½“æŠ€æœ¯åˆä¼™äººéœ€è°¨æ…å•Š æ›´æ–°æœ‰èµ,27.4k,Shell,08/10,
22,ityouknow/spring-boot-examples,https://github.com/ityouknow/spring-boot-examples,about learning Spring Boot via examples. Spring Boot æ•™ç¨‹ã€æŠ€æœ¯æ ˆç¤ºä¾‹ä»£ç ï¼Œå¿«é€Ÿç®€å•ä¸Šæ‰‹æ•™ç¨‹ã€‚ ,26.5k,Java,06/14,
23,d2l-ai/d2l-zh,https://github.com/d2l-ai/d2l-zh,ã€ŠåŠ¨æ‰‹å­¦æ·±åº¦å­¦ä¹ ã€‹ï¼šé¢å‘ä¸­æ–‡è¯»è€…ã€èƒ½è¿è¡Œã€å¯è®¨è®ºã€‚ä¸­è‹±æ–‡ç‰ˆè¢«å…¨çƒ200æ‰€å¤§å­¦é‡‡ç”¨æ•™å­¦ã€‚,26.5k,Python,10/31,
24,proxyee-down-org/proxyee-down,https://github.com/proxyee-down-org/proxyee-down,httpä¸‹è½½å·¥å…·ï¼ŒåŸºäºhttpä»£ç†ï¼Œæ”¯æŒå¤šè¿æ¥åˆ†å—ä¸‹è½½,25.3k,Java,06/05,
25,sentsin/layui,https://github.com/sentsin/layui,é‡‡ç”¨è‡ªèº«æ¨¡å—è§„èŒƒç¼–å†™çš„å‰ç«¯ UI æ¡†æ¶ï¼Œéµå¾ªåŸç”Ÿ HTML/CSS/JS çš„ä¹¦å†™å½¢å¼ï¼Œæä½é—¨æ§›ï¼Œæ‹¿æ¥å³ç”¨ã€‚,25.2k,JavaScript,10/26,
26,lib-pku/libpku,https://github.com/lib-pku/libpku,è´µæ ¡è¯¾ç¨‹èµ„æ–™æ°‘é—´æ•´ç†,24.7k,TeX,10/08,
27,alibaba/druid,https://github.com/alibaba/druid,é˜¿é‡Œäº‘è®¡ç®—å¹³å°DataWorks(https://help.aliyun.com/document_detail/137663.html) å›¢é˜Ÿå‡ºå“ï¼Œä¸ºç›‘æ§è€Œç”Ÿçš„æ•°æ®åº“è¿æ¥æ± ,24.7k,Java,10/29,
28,mqyqingfeng/Blog,https://github.com/mqyqingfeng/Blog,å†´ç¾½å†™åšå®¢çš„åœ°æ–¹ï¼Œé¢„è®¡å†™å››ä¸ªç³»åˆ—ï¼šJavaScriptæ·±å…¥ç³»åˆ—ã€JavaScriptä¸“é¢˜ç³»åˆ—ã€ES6ç³»åˆ—ã€Reactç³»åˆ—ã€‚,24.5k,-,06/09,
29,xkcoding/spring-boot-demo,https://github.com/xkcoding/spring-boot-demo,è¯¥é¡¹ç›®å·²æˆåŠŸé›†æˆ actuator(ç›‘æ§)ã€admin(å¯è§†åŒ–ç›‘æ§)ã€logback(æ—¥å¿—)ã€aopLog(é€šè¿‡AOPè®°å½•webè¯·æ±‚æ—¥å¿—)ã€ç»Ÿä¸€å¼‚å¸¸å¤„ç†(jsonçº§åˆ«å’Œé¡µé¢çº§åˆ«)ã€freemarker(æ¨¡æ¿å¼•æ“)ã€thymeleaf(æ¨¡æ¿å¼•æ“)ã€Beetl(æ¨¡æ¿å¼•æ“)ã€Enjoy(æ¨¡æ¿å¼•æ“)ã€JdbcTemplate(é€šç”¨JDBCæ“ä½œæ•°æ®åº“)ã€JPA(å¼ºå¤§çš„ORMæ¡†æ¶)ã€mybatis(å¼ºå¤§çš„ORMæ¡†æ¶)ã€é€šç”¨Mapper(å¿«é€Ÿæ“ä½œMybatis)ã€PageHelper(é€šç”¨çš„Mybatisåˆ†é¡µæ’ä»¶)ã€mybatis-plus(å¿«é€Ÿæ“ä½œMybatis)ã€BeetlSQL(å¼ºå¤§çš„ORMæ¡†æ¶)ã€u ...,23.8k,Java,10/27,
30,halfrost/LeetCode-Go,https://github.com/halfrost/LeetCode-Go,âœ… Solutions to LeetCode by Goã€100% test coverageã€runtime beats 100% / LeetCode é¢˜è§£,21.0k,Go,10/31,
31,huihut/interview,https://github.com/huihut/interview,ğŸ“š C/C++ æŠ€æœ¯é¢è¯•åŸºç¡€çŸ¥è¯†æ€»ç»“ï¼ŒåŒ…æ‹¬è¯­è¨€ã€ç¨‹åºåº“ã€æ•°æ®ç»“æ„ã€ç®—æ³•ã€ç³»ç»Ÿã€ç½‘ç»œã€é“¾æ¥è£…è½½åº“ç­‰çŸ¥è¯†åŠé¢è¯•ç»éªŒã€æ‹›è˜ã€å†…æ¨ç­‰ä¿¡æ¯ã€‚This repository is a summary of the basic knowledge of recruiting job seekers and beginners in the direction of C/C++ technologyã€including languageã€program libraryã€data structureã€algorithmã€systemã€ networkã€link loading libraryã€ in ...,21.0k,C++,10/06,
32,alibaba/canal,https://github.com/alibaba/canal,é˜¿é‡Œå·´å·´ MySQL binlog å¢é‡è®¢é˜…&æ¶ˆè´¹ç»„ä»¶ ,21.0k,Java,10/28,
33,googlehosts/hosts,https://github.com/googlehosts/hosts,é•œåƒï¼šhttps://scaffrey.coding.net/p/hosts/git / https://git.qvq.network/googlehosts/hosts,20.8k,-,06/20,
34,komeiji-satori/Dress,https://github.com/komeiji-satori/Dress,å¥½è€¶  æ˜¯å¥³è£…,20.3k,Standard ML,10/28,
35,julycoding/The-Art-Of-Programming-By-July,https://github.com/julycoding/The-Art-Of-Programming-By-July,æœ¬é¡¹ç›®æ›¾å†²åˆ°å…¨çƒç¬¬ä¸€ï¼Œå¹²è´§é›†é”¦è§æœ¬é¡µé¢æœ€åº•éƒ¨ï¼Œå¦å®Œæ•´ç²¾è‡´çš„çº¸è´¨ç‰ˆã€Šç¼–ç¨‹ä¹‹æ³•ï¼šé¢è¯•å’Œç®—æ³•å¿ƒå¾—ã€‹å·²åœ¨äº¬ä¸œ/å½“å½“ä¸Šé”€å”®,20.1k,C,07/03,
36,halo-dev/halo,https://github.com/halo-dev/halo,âœ ä¸€æ¬¾ä¼˜ç§€çš„å¼€æºåšå®¢å‘å¸ƒåº”ç”¨ã€‚,20.1k,Java,11/01,
37,xuxueli/xxl-job,https://github.com/xuxueli/xxl-job,A distributed task scheduling framework.ï¼ˆåˆ†å¸ƒå¼ä»»åŠ¡è°ƒåº¦å¹³å°XXL-JOBï¼‰,19.8k,Java,10/29,
38,zhaoolee/ChromeAppHeroes,https://github.com/zhaoolee/ChromeAppHeroes,ğŸŒˆè°·ç²’-Chromeæ’ä»¶è‹±é›„æ¦œã€ä¸ºä¼˜ç§€çš„Chromeæ’ä»¶å†™ä¸€æœ¬ä¸­æ–‡è¯´æ˜ä¹¦ã€ è®©Chromeæ’ä»¶è‹±é›„ä»¬é€ ç¦äººç±»~  ChromePluginHeroesã€Write a Chinese manual for the excellent Chrome pluginã€let the Chrome plugin heroes benefit the human~ å…¬ä¼—å·ã€Œ0åŠ 1ã€åŒæ­¥æ›´æ–°,18.9k,JavaScript,10/03,
39,ehang-io/nps,https://github.com/ehang-io/nps,ä¸€æ¬¾è½»é‡çº§ã€é«˜æ€§èƒ½ã€åŠŸèƒ½å¼ºå¤§çš„å†…ç½‘ç©¿é€ä»£ç†æœåŠ¡å™¨ã€‚æ”¯æŒtcpã€udpã€socks5ã€httpç­‰å‡ ä¹æ‰€æœ‰æµé‡è½¬å‘ï¼Œå¯ç”¨æ¥è®¿é—®å†…ç½‘ç½‘ç«™ã€æœ¬åœ°æ”¯ä»˜æ¥å£è°ƒè¯•ã€sshè®¿é—®ã€è¿œç¨‹æ¡Œé¢ï¼Œå†…ç½‘dnsè§£æã€å†…ç½‘socks5ä»£ç†ç­‰ç­‰â€¦â€¦ï¼Œå¹¶å¸¦æœ‰åŠŸèƒ½å¼ºå¤§çš„webç®¡ç†ç«¯ã€‚a lightweightã€ high-performanceã€ powerful intranet penetration proxy serverã€ with a powerful web management terminal.,18.9k,Go,10/15,
40,Meituan-Dianping/mpvue,https://github.com/Meituan-Dianping/mpvue,åŸºäº Vue.js çš„å°ç¨‹åºå¼€å‘æ¡†æ¶ï¼Œä»åº•å±‚æ”¯æŒ Vue.js è¯­æ³•å’Œæ„å»ºå·¥å…·ä½“ç³»ã€‚,20.4k,JavaScript,08/11,
41,SwiftGGTeam/the-swift-programming-language-in-chinese,https://github.com/SwiftGGTeam/the-swift-programming-language-in-chinese,ä¸­æ–‡ç‰ˆ Apple å®˜æ–¹ Swift æ•™ç¨‹ã€ŠThe Swift Programming Languageã€‹,20.3k,CSS,10/25,
42,wangzheng0822/algo,https://github.com/wangzheng0822/algo,æ•°æ®ç»“æ„å’Œç®—æ³•å¿…çŸ¥å¿…ä¼šçš„50ä¸ªä»£ç å®ç°,19.8k,Python,05/28,
43,ruanyf/es6tutorial,https://github.com/ruanyf/es6tutorial,ã€ŠECMAScript 6å…¥é—¨ã€‹æ˜¯ä¸€æœ¬å¼€æºçš„ JavaScript è¯­è¨€æ•™ç¨‹ï¼Œå…¨é¢ä»‹ç» ECMAScript 6 æ–°å¢çš„è¯­æ³•ç‰¹æ€§ã€‚,19.6k,JavaScript,10/31,
44,haizlin/fe-interview,https://github.com/haizlin/fe-interview,å‰ç«¯é¢è¯•æ¯æ—¥ 3+1ï¼Œä»¥é¢è¯•é¢˜æ¥é©±åŠ¨å­¦ä¹ ï¼Œæå€¡æ¯æ—¥å­¦ä¹ ä¸æ€è€ƒï¼Œæ¯å¤©è¿›æ­¥ä¸€ç‚¹ï¼æ¯å¤©æ—©ä¸Š5ç‚¹çº¯æ‰‹å·¥å‘å¸ƒé¢è¯•é¢˜ï¼ˆæ­»ç£•è‡ªå·±ï¼Œæ„‰æ‚¦å¤§å®¶ï¼‰ï¼Œ5000+é“å‰ç«¯é¢è¯•é¢˜å…¨é¢è¦†ç›–ï¼ŒHTML/CSS/JavaScript/Vue/React/Nodejs/TypeScript/ECMAScritpt/Webpack/Jquery/å°ç¨‹åº/è½¯æŠ€èƒ½â€¦â€¦,19.2k,JavaScript,10/29,
45,MustangYM/WeChatExtension-ForMac,https://github.com/MustangYM/WeChatExtension-ForMac,Macå¾®ä¿¡åŠŸèƒ½æ‹“å±•/å¾®ä¿¡æ’ä»¶/å¾®ä¿¡å°åŠ©æ‰‹(A plugin for Mac WeChat,18.9k,Objective-C,08/12,
46,didi/DoraemonKit,https://github.com/didi/DoraemonKit,ä¸€æ¬¾é¢å‘æ³›å‰ç«¯äº§å“ç ”å‘å…¨ç”Ÿå‘½å‘¨æœŸçš„æ•ˆç‡å¹³å°ã€‚,18.1k,Java,10/28,
47,ryanhanwu/How-To-Ask-Questions-The-Smart-Way,https://github.com/ryanhanwu/How-To-Ask-Questions-The-Smart-Way,æœ¬æ–‡åŸæ–‡ç”±çŸ¥å Hacker Eric S. Raymond æ‰€æ’°å¯«ï¼Œæ•™ä½ å¦‚ä½•æ­£ç¢ºçš„æå‡ºæŠ€è¡“å•é¡Œä¸¦ç²å¾—ä½ æ»¿æ„çš„ç­”æ¡ˆã€‚,17.9k,JavaScript,10/13,
48,qianguyihao/Web,https://github.com/qianguyihao/Web,åƒå¤å‰ç«¯å›¾æ–‡æ•™ç¨‹ï¼Œè¶…è¯¦ç»†çš„å‰ç«¯å…¥é—¨åˆ°è¿›é˜¶å­¦ä¹ ç¬”è®°ã€‚ä»é›¶å¼€å§‹å­¦å‰ç«¯ï¼Œåšä¸€åç²¾è‡´ä¼˜é›…çš„å‰ç«¯å·¥ç¨‹å¸ˆã€‚å…¬ä¼—å·ã€Œåƒå¤å£¹å·ã€ä½œè€…ã€‚,17.9k,JavaScript,10/31,
49,alibaba/Sentinel,https://github.com/alibaba/Sentinel,A powerful flow control component enabling reliabilityã€ resilience and monitoring for microservices. (é¢å‘äº‘åŸç”Ÿå¾®æœåŠ¡çš„é«˜å¯ç”¨æµæ§é˜²æŠ¤ç»„ä»¶,17.7k,Java,10/31,
50,jumpserver/jumpserver,https://github.com/jumpserver/jumpserver,JumpServer æ˜¯å…¨çƒé¦–æ¬¾å¼€æºçš„å ¡å’æœºï¼Œæ˜¯ç¬¦åˆ 4A çš„ä¸“ä¸šè¿ç»´å®‰å…¨å®¡è®¡ç³»ç»Ÿã€‚,17.3k,Python,10/29,
51,1c7/chinese-independent-developer,https://github.com/1c7/chinese-independent-developer,ğŸ‘©ğŸ¿â€ğŸ’»ğŸ‘¨ğŸ¾â€ğŸ’»ğŸ‘©ğŸ¼â€ğŸ’»ğŸ‘¨ğŸ½â€ğŸ’»ğŸ‘©ğŸ»â€ğŸ’»ä¸­å›½ç‹¬ç«‹å¼€å‘è€…é¡¹ç›®åˆ—è¡¨ -- åˆ†äº«å¤§å®¶éƒ½åœ¨åšä»€ä¹ˆ,17.2k,-,10/28,
52,jaywcjlove/linux-command,https://github.com/jaywcjlove/linux-command,Linuxå‘½ä»¤å¤§å…¨æœç´¢å·¥å…·ï¼Œå†…å®¹åŒ…å«Linuxå‘½ä»¤æ‰‹å†Œã€è¯¦è§£ã€å­¦ä¹ ã€æœé›†ã€‚https://git.io/linux,17.0k,Markdown,10/30,
53,PaddlePaddle/Paddle,https://github.com/PaddlePaddle/Paddle,PArallel Distributed Deep LEarning: Machine Learning Framework from Industrial Practice ï¼ˆã€é£æ¡¨ã€æ ¸å¿ƒæ¡†æ¶ï¼Œæ·±åº¦å­¦ä¹ &æœºå™¨å­¦ä¹ é«˜æ€§èƒ½å•æœºã€åˆ†å¸ƒå¼è®­ç»ƒå’Œè·¨å¹³å°éƒ¨ç½²ï¼‰,16.8k,Python,11/01,
54,CarGuo/GSYVideoPlayer,https://github.com/CarGuo/GSYVideoPlayer,è§†é¢‘æ’­æ”¾å™¨ï¼ˆIJKplayerã€ExoPlayerã€MediaPlayerï¼‰ï¼ŒHTTPSï¼Œæ”¯æŒå¼¹å¹•ï¼Œå¤–æŒ‚å­—å¹•ï¼Œæ”¯æŒæ»¤é•œã€æ°´å°ã€gifæˆªå›¾ï¼Œç‰‡å¤´å¹¿å‘Šã€ä¸­é—´å¹¿å‘Šï¼Œå¤šä¸ªåŒæ—¶æ’­æ”¾ï¼Œæ”¯æŒåŸºæœ¬çš„æ‹–åŠ¨ï¼Œå£°éŸ³ã€äº®åº¦è°ƒèŠ‚ï¼Œæ”¯æŒè¾¹æ’­è¾¹ç¼“å­˜ï¼Œæ”¯æŒè§†é¢‘è‡ªå¸¦rotationçš„æ—‹è½¬ï¼ˆ90ã€270ä¹‹ç±»ï¼‰ï¼Œé‡åŠ›æ—‹è½¬ä¸æ‰‹åŠ¨æ—‹è½¬çš„åŒæ­¥æ”¯æŒï¼Œæ”¯æŒåˆ—è¡¨æ’­æ”¾ ï¼Œåˆ—è¡¨å…¨å±åŠ¨ç”»ï¼Œè§†é¢‘åŠ è½½é€Ÿåº¦ï¼Œåˆ—è¡¨å°çª—å£æ”¯æŒæ‹–åŠ¨ï¼ŒåŠ¨ç”»æ•ˆæœï¼Œè°ƒæ•´æ¯”ä¾‹ï¼Œå¤šåˆ†è¾¨ç‡åˆ‡æ¢ï¼Œæ”¯æŒåˆ‡æ¢æ’­æ”¾å™¨ï¼Œè¿›åº¦æ¡å°çª—å£é¢„è§ˆï¼Œåˆ—è¡¨åˆ‡æ¢è¯¦æƒ…é¡µé¢æ— ç¼æ’­æ”¾ï¼Œrtspã€concatã€mpegã€‚ ,16.8k,Java,10/15,
55,MLEveryday/100-Days-Of-ML-Code,https://github.com/MLEveryday/100-Days-Of-ML-Code,100-Days-Of-ML-Codeä¸­æ–‡ç‰ˆ,16.7k,Jupyter Notebook,08/11,
56,alibaba/ice,https://github.com/alibaba/ice,ğŸš€ The Progressive Framework Based On Reactï¼ˆåŸºäº React çš„æ¸è¿›å¼ç ”å‘æ¡†æ¶ï¼‰ï¼Œç«™ç‚¹å›½å†…é•œåƒï¼šhttps://iceteam.gitee.io,16.7k,TypeScript,10/30,
57,vnpy/vnpy,https://github.com/vnpy/vnpy,åŸºäºPythonçš„å¼€æºé‡åŒ–äº¤æ˜“å¹³å°å¼€å‘æ¡†æ¶,16.6k,C++,10/29,
58,wenyan-lang/wenyan,https://github.com/wenyan-lang/wenyan,æ–‡è¨€æ–‡ç·¨ç¨‹èªè¨€ A programming language for the ancient Chinese.,17.7k,TypeScript,10/25,
59,youngyangyang04/leetcode-master,https://github.com/youngyangyang04/leetcode-master,LeetCode åˆ·é¢˜æ”»ç•¥ï¼š200é“ç»å…¸é¢˜ç›®åˆ·é¢˜é¡ºåºï¼Œå…±60wå­—çš„è¯¦ç»†å›¾è§£ï¼Œè§†é¢‘éš¾ç‚¹å‰–æï¼Œ50ä½™å¼ æ€ç»´å¯¼å›¾ï¼Œæ”¯æŒC++ï¼ŒJavaï¼ŒPythonï¼ŒGoï¼ŒJavaScriptç­‰å¤šè¯­è¨€ç‰ˆæœ¬ï¼Œä»æ­¤ç®—æ³•å­¦ä¹ ä¸å†è¿·èŒ«ï¼ğŸ”¥ğŸ”¥ æ¥çœ‹çœ‹ï¼Œä½ ä¼šå‘ç°ç›¸è§æ¨æ™šï¼ğŸš€ ,17.7k,-,11/01,
60,elunez/eladmin,https://github.com/elunez/eladmin,é¡¹ç›®åŸºäº Spring Boot 2.1.0 ã€ Jpaã€ Spring Securityã€redisã€Vueçš„å‰åç«¯åˆ†ç¦»çš„åå°ç®¡ç†ç³»ç»Ÿï¼Œé¡¹ç›®é‡‡ç”¨åˆ†æ¨¡å—å¼€å‘æ–¹å¼ï¼Œ æƒé™æ§åˆ¶é‡‡ç”¨ RBACï¼Œæ”¯æŒæ•°æ®å­—å…¸ä¸æ•°æ®æƒé™ç®¡ç†ï¼Œæ”¯æŒä¸€é”®ç”Ÿæˆå‰åç«¯ä»£ç ï¼Œæ”¯æŒåŠ¨æ€è·¯ç”±,16.6k,Java,10/14,
61,LingCoder/OnJava8,https://github.com/LingCoder/OnJava8,ã€ŠOn Java 8ã€‹ä¸­æ–‡ç‰ˆ ,16.5k,-,09/25,
62,shimohq/chinese-programmer-wrong-pronunciation,https://github.com/shimohq/chinese-programmer-wrong-pronunciation,ä¸­å›½ç¨‹åºå‘˜å®¹æ˜“å‘éŸ³é”™è¯¯çš„å•è¯,14.6k,Python,07/29,
63,zhongyang219/TrafficMonitor,https://github.com/zhongyang219/TrafficMonitor,è¿™æ˜¯ä¸€ä¸ªç”¨äºæ˜¾ç¤ºå½“å‰ç½‘é€Ÿã€CPUåŠå†…å­˜åˆ©ç”¨ç‡çš„æ¡Œé¢æ‚¬æµ®çª—è½¯ä»¶ï¼Œå¹¶æ”¯æŒä»»åŠ¡æ æ˜¾ç¤ºï¼Œæ”¯æŒæ›´æ¢çš®è‚¤ã€‚,14.2k,C++,10/28,
64,jobbole/awesome-java-cn,https://github.com/jobbole/awesome-java-cn,Javaèµ„æºå¤§å…¨ä¸­æ–‡ç‰ˆï¼ŒåŒ…æ‹¬å¼€å‘åº“ã€å¼€å‘å·¥å…·ã€ç½‘ç«™ã€åšå®¢ã€å¾®ä¿¡ã€å¾®åšç­‰ï¼Œç”±ä¼¯ä¹åœ¨çº¿æŒç»­æ›´æ–°ã€‚,14.2k,-,10/15,
65,lyswhut/lx-music-desktop,https://github.com/lyswhut/lx-music-desktop,ä¸€ä¸ªåŸºäº electron çš„éŸ³ä¹è½¯ä»¶,14.0k,JavaScript,10/29,
66,Jack-Cherish/python-spider,https://github.com/Jack-Cherish/python-spider,:rainbow:Python3ç½‘ç»œçˆ¬è™«å®æˆ˜ï¼šæ·˜å®ã€äº¬ä¸œã€ç½‘æ˜“äº‘ã€Bç«™ã€12306ã€æŠ–éŸ³ã€ç¬”è¶£é˜ã€æ¼«ç”»å°è¯´ä¸‹è½½ã€éŸ³ä¹ç”µå½±ä¸‹è½½ç­‰,13.9k,Python,10/15,
67,lin-xin/vue-manage-system,https://github.com/lin-xin/vue-manage-system,åŸºäºVue3 + Element Plus çš„åå°ç®¡ç†ç³»ç»Ÿè§£å†³æ–¹æ¡ˆ,13.9k,Vue,09/22,
68,ShusenTang/Dive-into-DL-PyTorch,https://github.com/ShusenTang/Dive-into-DL-PyTorch,æœ¬é¡¹ç›®å°†ã€ŠåŠ¨æ‰‹å­¦æ·±åº¦å­¦ä¹ ã€‹(Dive into Deep Learning)åŸä¹¦ä¸­çš„MXNetå®ç°æ”¹ä¸ºPyTorchå®ç°ã€‚,13.9k,Jupyter Notebook,10/14,
69,wangshub/wechat_jump_game,https://github.com/wangshub/wechat_jump_game,å¾®ä¿¡ã€Šè·³ä¸€è·³ã€‹Python è¾…åŠ©,13.9k,Python,10/13,
70,fengdu78/deeplearning_ai_books,https://github.com/fengdu78/deeplearning_ai_books,deeplearning.aiï¼ˆå´æ©è¾¾è€å¸ˆçš„æ·±åº¦å­¦ä¹ è¯¾ç¨‹ç¬”è®°åŠèµ„æºï¼‰,13.8k,HTML,10/23,
71,dyc87112/SpringBoot-Learning,https://github.com/dyc87112/SpringBoot-Learning,ã€ŠSpring BootåŸºç¡€æ•™ç¨‹ã€‹ï¼Œ2.xç‰ˆæœ¬æŒç»­è¿è½½ä¸­ï¼ç‚¹å‡»ä¸‹æ–¹é“¾æ¥ç›´è¾¾æ•™ç¨‹ç›®å½•ï¼,13.7k,Java,10/29,
72,jhao104/proxy_pool,https://github.com/jhao104/proxy_pool,Pythonçˆ¬è™«ä»£ç†IPæ± (proxy pool,13.5k,Python,10/27,
73,alibaba/ARouter,https://github.com/alibaba/ARouter,ğŸ’ª A framework for assisting in the renovation of Android componentization (å¸®åŠ© Android App è¿›è¡Œç»„ä»¶åŒ–æ”¹é€ çš„è·¯ç”±æ¡†æ¶,13.5k,Java,09/13,
74,ZhongFuCheng3y/3y,https://github.com/ZhongFuCheng3y/3y,:notebook:ä»JavaåŸºç¡€ã€JavaWebåŸºç¡€åˆ°å¸¸ç”¨çš„æ¡†æ¶å†åˆ°é¢è¯•é¢˜éƒ½æœ‰å®Œæ•´çš„æ•™ç¨‹ï¼Œå‡ ä¹æ¶µç›–äº†Javaåç«¯å¿…å¤‡çš„çŸ¥è¯†ç‚¹,15.5k,-,07/22,
75,youzan/vant-weapp,https://github.com/youzan/vant-weapp,è½»é‡ã€å¯é çš„å°ç¨‹åº UI ç»„ä»¶åº“,15.3k,JavaScript,10/30,
76,EastWorld/wechat-app-mall,https://github.com/EastWorld/wechat-app-mall,å¾®ä¿¡å°ç¨‹åºå•†åŸï¼Œå¾®ä¿¡å°ç¨‹åºå¾®åº—,15.2k,JavaScript,10/24,
77,freefq/free,https://github.com/freefq/free,ç¿»å¢™ã€å…è´¹ç¿»å¢™ã€å…è´¹ç§‘å­¦ä¸Šç½‘ã€å…è´¹èŠ‚ç‚¹ã€å…è´¹æ¢¯å­ã€å…è´¹ss/v2ray/trojanèŠ‚ç‚¹ã€è“ç¯ã€è°·æ­Œå•†åº—ã€ç¿»å¢™æ¢¯å­,15.1k,-,11/01,
78,nndl/nndl.github.io,https://github.com/nndl/nndl.github.io,ã€Šç¥ç»ç½‘ç»œä¸æ·±åº¦å­¦ä¹ ã€‹ é‚±é”¡é¹è‘— Neural Network and Deep Learning ,14.9k,HTML,05/18,
79,fengdu78/lihang-code,https://github.com/fengdu78/lihang-code,ã€Šç»Ÿè®¡å­¦ä¹ æ–¹æ³•ã€‹çš„ä»£ç å®ç°,14.7k,Jupyter Notebook,05/31,
80,JeffLi1993/springboot-learning-example,https://github.com/JeffLi1993/springboot-learning-example,spring boot å®è·µå­¦ä¹ æ¡ˆä¾‹ï¼Œæ˜¯ spring boot åˆå­¦è€…åŠæ ¸å¿ƒæŠ€æœ¯å·©å›ºçš„æœ€ä½³å®è·µã€‚å¦å¤–å†™åšå®¢ï¼Œç”¨ OpenWriteã€‚,14.6k,Java,10/11,
81,Kr1s77/awesome-python-login-model,https://github.com/Kr1s77/awesome-python-login-model,ğŸ˜®pythonæ¨¡æ‹Ÿç™»é™†ä¸€äº›å¤§å‹ç½‘ç«™ï¼Œè¿˜æœ‰ä¸€äº›ç®€å•çš„çˆ¬è™«ï¼Œå¸Œæœ›å¯¹ä½ ä»¬æœ‰æ‰€å¸®åŠ©â¤ï¸ï¼Œå¦‚æœå–œæ¬¢è®°å¾—ç»™ä¸ªstarå“¦ğŸŒŸ,13.8k,Python,07/24,
82,521xueweihan/git-tips,https://github.com/521xueweihan/git-tips,:trollface:Gitçš„å¥‡æŠ€æ·«å·§,13.4k,-,10/18,
83,dcloudio/mui,https://github.com/dcloudio/mui,æœ€æ¥è¿‘åŸç”ŸAPPä½“éªŒçš„é«˜æ€§èƒ½æ¡†æ¶,13.3k,JavaScript,07/07,
84,Tencent/QMUI_Android,https://github.com/Tencent/QMUI_Android,æé«˜ Android UI å¼€å‘æ•ˆç‡çš„ UI åº“,13.3k,Java,10/25,
85,yanue/V2rayU,https://github.com/yanue/V2rayU,V2rayUã€åŸºäºv2rayæ ¸å¿ƒçš„macç‰ˆå®¢æˆ·ç«¯ã€ç”¨äºç§‘å­¦ä¸Šç½‘ã€ä½¿ç”¨swiftç¼–å†™ã€æ”¯æŒvmessã€shadowsocksã€socks5ç­‰æœåŠ¡åè®®ã€æ”¯æŒè®¢é˜…ã€æ”¯æŒäºŒç»´ç ã€å‰ªè´´æ¿å¯¼å…¥ã€æ‰‹åŠ¨é…ç½®ã€äºŒç»´ç åˆ†äº«ç­‰,13.0k,-,10/22,
86,Bigkoo/Android-PickerView,https://github.com/Bigkoo/Android-PickerView,This is a picker view for androidã€support linkage effectã€timepicker and optionspicker.ï¼ˆæ—¶é—´é€‰æ‹©å™¨ã€çœå¸‚åŒºä¸‰çº§è”åŠ¨ï¼‰,12.9k,Java,06/28,
87,Qv2ray/Qv2ray,https://github.com/Qv2ray/Qv2ray,:star: Linux / Windows / macOS è·¨å¹³å° V2Ray å®¢æˆ·ç«¯   æ”¯æŒ VMess / VLESS / SSR / Trojan / Trojan-Go / NaiveProxy / HTTP / HTTPS / SOCKS5   ä½¿ç”¨ C++ / Qt å¼€å‘   å¯æ‹“å±•æ’ä»¶å¼è®¾è®¡ :star:,12.6k,C++,08/17,
88,txthinking/brook,https://github.com/txthinking/brook,Brook is a cross-platform strong encryption and not detectable proxy. Zero-Configuration. Brook æ˜¯ä¸€ä¸ªè·¨å¹³å°çš„å¼ºåŠ å¯†æ— ç‰¹å¾çš„ä»£ç†è½¯ä»¶. é›¶é…ç½®.,12.6k,Go,10/22,
89,wangeditor-team/wangEditor,https://github.com/wangeditor-team/wangEditor,wangEditor â€”â€” è½»é‡çº§webå¯Œæ–‡æœ¬æ¡†,12.5k,TypeScript,10/22,
90,jobbole/awesome-programming-books,https://github.com/jobbole/awesome-programming-books,ç»å…¸ç¼–ç¨‹ä¹¦ç±å¤§å…¨ï¼Œæ¶µç›–ï¼šè®¡ç®—æœºç³»ç»Ÿä¸ç½‘ç»œã€ç³»ç»Ÿæ¶æ„ã€ç®—æ³•ä¸æ•°æ®ç»“æ„ã€å‰ç«¯å¼€å‘ã€åç«¯å¼€å‘ã€ç§»åŠ¨å¼€å‘ã€æ•°æ®åº“ã€æµ‹è¯•ã€é¡¹ç›®ä¸å›¢é˜Ÿã€ç¨‹åºå‘˜èŒä¸šä¿®ç‚¼ã€æ±‚èŒé¢è¯•ç­‰,12.5k,-,08/27,
91,xiandanin/magnetW,https://github.com/xiandanin/magnetW,ç£åŠ›é“¾æ¥èšåˆæœç´¢,12.5k,JavaScript,06/29,
92,justauth/JustAuth,https://github.com/justauth/JustAuth,ğŸ†Gitee æœ€æœ‰ä»·å€¼å¼€æºé¡¹ç›® ğŸš€:100: å°è€Œå…¨è€Œç¾çš„ç¬¬ä¸‰æ–¹ç™»å½•å¼€æºç»„ä»¶ã€‚ç›®å‰å·²æ”¯æŒGithubã€Giteeã€å¾®åšã€é’‰é’‰ã€ç™¾åº¦ã€Codingã€è…¾è®¯äº‘å¼€å‘è€…å¹³å°ã€OSChinaã€æ”¯ä»˜å®ã€QQã€å¾®ä¿¡ã€æ·˜å®ã€Googleã€Facebookã€æŠ–éŸ³ã€é¢†è‹±ã€å°ç±³ã€å¾®è½¯ã€ä»Šæ—¥å¤´æ¡ã€Teambitionã€StackOverflowã€Pinterestã€äººäººã€åä¸ºã€ä¼ä¸šå¾®ä¿¡ã€é…·å®¶ä¹ã€Gitlabã€ç¾å›¢ã€é¥¿äº†ä¹ˆã€æ¨ç‰¹ã€é£ä¹¦ã€äº¬ä¸œã€é˜¿é‡Œäº‘ã€å–œé©¬æ‹‰é›…ã€Amazonã€Slackå’Œ Line ç­‰ç¬¬ä¸‰æ–¹å¹³å°çš„æˆæƒç™»å½•ã€‚ Loginã€so easy!,12.3k,Java,10/18,
93,qier222/YesPlayMusic,https://github.com/qier222/YesPlayMusic,é«˜é¢œå€¼çš„ç¬¬ä¸‰æ–¹ç½‘æ˜“äº‘æ’­æ”¾å™¨ï¼Œæ”¯æŒ Windows / macOS / Linux :electron: ,12.2k,JavaScript,10/28,
94,YunaiV/SpringBoot-Labs,https://github.com/YunaiV/SpringBoot-Labs,ä¸€ä¸ªæ¶µç›–å…­ä¸ªä¸“æ ï¼šSpring Boot 2.Xã€Spring Cloudã€Spring Cloud Alibabaã€Dubboã€åˆ†å¸ƒå¼æ¶ˆæ¯é˜Ÿåˆ—ã€åˆ†å¸ƒå¼äº‹åŠ¡çš„ä»“åº“ã€‚å¸Œæœ›èƒ–å‹å°æ‰‹ä¸€æŠ–ï¼Œå³ä¸Šè§’æ¥ä¸ª Starï¼Œæ„Ÿæ© 1024,12.2k,Java,09/21,
95,h2y/Shadowrocket-ADBlock-Rules,https://github.com/h2y/Shadowrocket-ADBlock-Rules,æä¾›å¤šæ¬¾ Shadowrocket è§„åˆ™ï¼Œå¸¦å¹¿å‘Šè¿‡æ»¤åŠŸèƒ½ã€‚ç”¨äº iOS æœªè¶Šç‹±è®¾å¤‡é€‰æ‹©æ€§åœ°è‡ªåŠ¨ç¿»å¢™ã€‚,12.1k,Python,04/13,
96,ruanyf/free-books,https://github.com/ruanyf/free-books,äº’è”ç½‘ä¸Šçš„å…è´¹ä¹¦ç±,12.1k,-,04/11,
97,Tencent/omi,https://github.com/Tencent/omi, Front End Cross-Frameworks Framework - å‰ç«¯è·¨æ¡†æ¶è·¨å¹³å°æ¡†æ¶,12.1k,JavaScript,10/29,
98,eip-work/kuboard-press,https://github.com/eip-work/kuboard-press,Kuboard æ˜¯åŸºäº Kubernetes çš„å¾®æœåŠ¡ç®¡ç†ç•Œé¢ã€‚åŒæ—¶æä¾› Kubernetes å…è´¹ä¸­æ–‡æ•™ç¨‹ï¼Œå…¥é—¨æ•™ç¨‹ï¼Œæœ€æ–°ç‰ˆæœ¬çš„ Kubernetes v1.20 å®‰è£…æ‰‹å†Œï¼Œ(k8s install) åœ¨çº¿ç­”ç–‘ï¼ŒæŒç»­æ›´æ–°ã€‚,12.0k,JavaScript,10/31,
99,JessYanCoding/AndroidAutoSize,https://github.com/JessYanCoding/AndroidAutoSize,ğŸ”¥ A low-cost Android screen adaptation solution (ä»Šæ—¥å¤´æ¡å±å¹•é€‚é…æ–¹æ¡ˆç»ˆæç‰ˆï¼Œä¸€ä¸ªæä½æˆæœ¬çš„ Android å±å¹•é€‚é…æ–¹æ¡ˆ).,12.0k,Java,06/24,
100,Tencent/APIJSON,https://github.com/Tencent/APIJSON,ğŸš€ é›¶ä»£ç ã€çƒ­æ›´æ–°ã€å…¨è‡ªåŠ¨ ORM åº“ï¼Œåç«¯æ¥å£å’Œæ–‡æ¡£é›¶ä»£ç ï¼Œå‰ç«¯(å®¢æˆ·ç«¯) å®šåˆ¶è¿”å› JSON çš„æ•°æ®å’Œç»“æ„ã€‚ ğŸš€ A JSON Transmission Protocol and an ORM Library for automatically providing APIs and Docs.,11.9k,Java,10/26,
101,leisurelicht/wtfpython-cn,https://github.com/leisurelicht/wtfpython-cn,wtfpythonçš„ä¸­æ–‡ç¿»è¯‘/æ–½å·¥ç»“æŸ/ èƒ½åŠ›æœ‰é™ï¼Œæ¬¢è¿å¸®æˆ‘æ”¹è¿›ç¿»è¯‘,11.9k,Python,07/08,
102,qyuhen/book,https://github.com/qyuhen/book,å­¦ä¹ ç¬”è®°,11.8k,-,04/07,
103,peterq/pan-light,https://github.com/peterq/pan-light,ç™¾åº¦ç½‘ç›˜ä¸é™é€Ÿå®¢æˆ·ç«¯ã€golang + qt5ã€è·¨å¹³å°å›¾å½¢ç•Œé¢,11.7k,Go,10/06,
104,amfe/lib-flexible,https://github.com/amfe/lib-flexible,å¯ä¼¸ç¼©å¸ƒå±€æ–¹æ¡ˆ,11.7k,JavaScript,04/06,
105,youth5201314/banner,https://github.com/youth5201314/banner,ğŸ”¥ğŸ”¥ğŸ”¥Banner 2.0 æ¥äº†ï¼Androidå¹¿å‘Šå›¾ç‰‡è½®æ’­æ§ä»¶ï¼Œå†…éƒ¨åŸºäºViewPager2å®ç°ï¼ŒIndicatorå’ŒUIéƒ½å¯ä»¥è‡ªå®šä¹‰ã€‚,11.6k,Java,07/11,
106,cloudreve/Cloudreve,https://github.com/cloudreve/Cloudreve,ğŸŒ©æ”¯æŒå¤šå®¶äº‘å­˜å‚¨çš„äº‘ç›˜ç³»ç»Ÿ (Self-deployed file management and sharing systemã€supports multiple storage providers,11.5k,Go,10/31,
107,Tamsiree/RxTool,https://github.com/Tamsiree/RxTool,Androidå¼€å‘äººå‘˜ä¸å¾—ä¸æ”¶é›†çš„å·¥å…·ç±»é›†åˆ   æ”¯ä»˜å®æ”¯ä»˜   å¾®ä¿¡æ”¯ä»˜ï¼ˆç»Ÿä¸€ä¸‹å•ï¼‰   å¾®ä¿¡åˆ†äº«   Zip4jå‹ç¼©ï¼ˆæ”¯æŒåˆ†å·å‹ç¼©ä¸åŠ å¯†ï¼‰   ä¸€é”®é›†æˆUCropé€‰æ‹©åœ†å½¢å¤´åƒ   ä¸€é”®é›†æˆäºŒç»´ç å’Œæ¡å½¢ç çš„æ‰«æä¸ç”Ÿæˆ   å¸¸ç”¨Dialog   WebViewçš„å°è£…å¯æ’­æ”¾è§†é¢‘   ä»¿æ–—é±¼æ»‘åŠ¨éªŒè¯ç    Toastå°è£…   éœ‡åŠ¨   GPS   Locationå®šä½   å›¾ç‰‡ç¼©æ”¾   Exif å›¾ç‰‡æ·»åŠ åœ°ç†ä½ç½®ä¿¡æ¯ï¼ˆç»çº¬åº¦ï¼‰   è››ç½‘ç­‰çº§   é¢œè‰²é€‰æ‹©å™¨   ArcGis   VTPK   ç¼–è¯‘è¿è¡Œä¸€ä¸‹è¯´ä¸å®šä¼šæ‰¾åˆ°æƒŠå–œ,11.5k,Kotlin,06/05,
108,answershuto/learnVue,https://github.com/answershuto/learnVue,:octocat:Vue.js æºç è§£æ,11.4k,JavaScript,07/26,
109,pjialin/py12306,https://github.com/pjialin/py12306,ğŸš‚ 12306 è´­ç¥¨åŠ©æ‰‹ï¼Œæ”¯æŒé›†ç¾¤ï¼Œå¤šè´¦å·ï¼Œå¤šä»»åŠ¡è´­ç¥¨ä»¥åŠ Web é¡µé¢ç®¡ç† ,11.5k,Python,10/21,
110,modood/Administrative-divisions-of-China,https://github.com/modood/Administrative-divisions-of-China,ä¸­åäººæ°‘å…±å’Œå›½è¡Œæ”¿åŒºåˆ’ï¼šçœçº§ï¼ˆçœä»½ç›´è¾–å¸‚è‡ªæ²»åŒºï¼‰ã€ åœ°çº§ï¼ˆåŸå¸‚ï¼‰ã€ å¿çº§ï¼ˆåŒºå¿ï¼‰ã€ ä¹¡çº§ï¼ˆä¹¡é•‡è¡—é“ï¼‰ã€ æ‘çº§ï¼ˆæ‘å§”ä¼šå±…å§”ä¼šï¼‰ ï¼Œä¸­å›½çœå¸‚åŒºé•‡æ‘äºŒçº§ä¸‰çº§å››çº§äº”çº§è”åŠ¨åœ°å€æ•°æ®ã€‚,11.4k,JavaScript,07/15,
111,meolu/walle-web,https://github.com/meolu/walle-web,walle - ç“¦åŠ› Devopså¼€æºé¡¹ç›®ä»£ç éƒ¨ç½²å¹³å°,11.2k,Python,05/09,
112,chokcoco/iCSS,https://github.com/chokcoco/iCSS,ä¸æ­¢äº CSS,11.2k,CSS,10/28,
113,snail007/goproxy,https://github.com/snail007/goproxy,ğŸ”¥  Proxy is a high performance HTTP(S) proxiesã€SOCKS5 proxiesã€WEBSOCKETã€TCPã€UDP proxy server implemented by golang. Nowã€it supports chain-style proxiesã€nat forwarding in different lanã€TCP/UDP port forwardingã€SSH forwarding.Proxyæ˜¯golangå®ç°çš„é«˜æ€§èƒ½httpã€httpsã€websocketã€tcpã€socks5ä»£ç†æœåŠ¡å™¨ã€æ”¯æŒå†…ç½‘ç©¿é€ã€é“¾å¼ä»£ç†ã€é€šè®¯åŠ å¯†...,11.1k,Go,10/18,
114,seaswalker/spring-analysis,https://github.com/seaswalker/spring-analysis,Springæºç é˜…è¯»,11.1k,Java,06/05,
115,zhisheng17/flink-learning,https://github.com/zhisheng17/flink-learning,flink learning blog. http://www.54tianzhisheng.cn/  å« Flink å…¥é—¨ã€æ¦‚å¿µã€åŸç†ã€å®æˆ˜ã€æ€§èƒ½è°ƒä¼˜ã€æºç è§£æç­‰å†…å®¹ã€‚æ¶‰åŠ Flink Connectorã€Metricsã€Libraryã€DataStream APIã€Table API & SQL ç­‰å†…å®¹çš„å­¦ä¹ æ¡ˆä¾‹ï¼Œè¿˜æœ‰ Flink è½åœ°åº”ç”¨çš„å¤§å‹é¡¹ç›®æ¡ˆä¾‹ï¼ˆPVUVã€æ—¥å¿—å­˜å‚¨ã€ç™¾äº¿æ•°æ®å®æ—¶å»é‡ã€ç›‘æ§å‘Šè­¦ï¼‰åˆ†äº«ã€‚æ¬¢è¿å¤§å®¶æ”¯æŒæˆ‘çš„ä¸“æ ã€Šå¤§æ•°æ®å®æ—¶è®¡ç®—å¼•æ“ Flink å®æˆ˜ä¸æ€§èƒ½ä¼˜åŒ–ã€‹,11.1k,Java,10/08,
116,LuckSiege/PictureSelector,https://github.com/LuckSiege/PictureSelector,Picture Selector Library for Android  or å›¾ç‰‡é€‰æ‹©å™¨,10.9k,Java,10/27,
117,Tim9Liu9/TimLiu-iOS,https://github.com/Tim9Liu9/TimLiu-iOS,iOSå¼€å‘å¸¸ç”¨ä¸‰æ–¹åº“ã€æ’ä»¶ã€çŸ¥ååšå®¢ç­‰ç­‰,10.8k,-,10/21,
118,weilanwl/ColorUI,https://github.com/weilanwl/ColorUI,é²œäº®çš„é«˜é¥±å’Œè‰²å½©ï¼Œä¸“æ³¨è§†è§‰çš„å°ç¨‹åºç»„ä»¶åº“,10.8k,Vue,05/16,
119,pagehelper/Mybatis-PageHelper,https://github.com/pagehelper/Mybatis-PageHelper,Mybatisé€šç”¨åˆ†é¡µæ’ä»¶,10.7k,Java,10/08,
120,heibaiying/BigData-Notes,https://github.com/heibaiying/BigData-Notes,å¤§æ•°æ®å…¥é—¨æŒ‡å—  :star:,10.7k,Java,05/12,
121,walter201230/Python,https://github.com/walter201230/Python,æœ€è‰¯å¿ƒçš„ Python æ•™ç¨‹ï¼š,10.7k,-,07/14,
122,opendigg/awesome-github-vue,https://github.com/opendigg/awesome-github-vue,Vueç›¸å…³å¼€æºé¡¹ç›®åº“æ±‡æ€»,10.6k,-,05/07,
123,chuzhixin/vue-admin-beautiful-pro,https://github.com/chuzhixin/vue-admin-beautiful-pro,ğŸš€ğŸš€ğŸš€vue3ã€vue3.0ã€vueã€vue3.xã€vue.jsã€vueåå°ç®¡ç†ã€adminã€vue-adminã€vue-element-adminã€ant-designã€vue-admin-beautiful-proã€vab admin proã€vab admin plusä¸»çº¿ç‰ˆæœ¬åŸºäºelement-plusã€element-uiã€ant-design-vueä¸‰è€…å¹¶è¡Œå¼€å‘ç»´æŠ¤ã€åŒæ—¶æ”¯æŒç”µè„‘ã€æ‰‹æœºã€å¹³æ¿ã€åˆ‡æ¢åˆ†æ”¯æŸ¥çœ‹ä¸åŒçš„vueç‰ˆæœ¬ã€element-plusç‰ˆæœ¬å·²å‘å¸ƒ(vue3ã€vue3.0ã€vueã€vue3.xã€vue.js,10.6k,Vue,10/16,
124,sparanoid/chinese-copywriting-guidelines,https://github.com/sparanoid/chinese-copywriting-guidelines,Chinese copywriting guidelines for better written communicationï¼ä¸­æ–‡æ–‡æ¡ˆæ’ç‰ˆæŒ‡åŒ—,10.5k,-,10/03,
125,apachecn/apachecn-algo-zh,https://github.com/apachecn/apachecn-algo-zh,ApacheCN æ•°æ®ç»“æ„ä¸ç®—æ³•è¯‘æ–‡é›†,10.5k,JavaScript,05/09,
126,NLP-LOVE/ML-NLP,https://github.com/NLP-LOVE/ML-NLP,æ­¤é¡¹ç›®æ˜¯æœºå™¨å­¦ä¹ (Machine Learning)ã€æ·±åº¦å­¦ä¹ (Deep Learning)ã€NLPé¢è¯•ä¸­å¸¸è€ƒåˆ°çš„çŸ¥è¯†ç‚¹å’Œä»£ç å®ç°ï¼Œä¹Ÿæ˜¯ä½œä¸ºä¸€ä¸ªç®—æ³•å·¥ç¨‹å¸ˆå¿…ä¼šçš„ç†è®ºåŸºç¡€çŸ¥è¯†ã€‚,10.4k,Jupyter Notebook,06/26,
127,itdevbooks/pdf,https://github.com/itdevbooks/pdf,ç¼–ç¨‹ç”µå­ä¹¦ï¼Œç”µå­ä¹¦ï¼Œç¼–ç¨‹ä¹¦ç±ï¼ŒåŒ…æ‹¬Cï¼ŒC#ï¼ŒDockerï¼ŒElasticsearchï¼ŒGitï¼ŒHadoopï¼ŒHeadFirstï¼ŒJavaï¼ŒJavascriptï¼Œjvmï¼ŒKafkaï¼ŒLinuxï¼ŒMavenï¼ŒMongoDBï¼ŒMyBatisï¼ŒMySQLï¼ŒNettyï¼ŒNginxï¼ŒPythonï¼ŒRabbitMQï¼ŒRedisï¼ŒScalaï¼ŒSolrï¼ŒSparkï¼ŒSpringï¼ŒSpringBootï¼ŒSpringCloudï¼ŒTCPIPï¼ŒTomcatï¼ŒZookeeperï¼Œäººå·¥æ™ºèƒ½ï¼Œå¤§æ•°æ®ç±»ï¼Œå¹¶å‘ç¼–ç¨‹ï¼Œæ•°æ®åº“ç±»ï¼Œæ•°æ®æŒ–æ˜ï¼Œæ–°é¢è¯•é¢˜ï¼Œæ¶æ„è®¾è®¡ï¼Œç®—æ³•ç³»åˆ—ï¼Œè®¡ç®—æœºç±»ï¼Œè®¾è®¡æ¨¡å¼ï¼Œè½¯ä»¶æµ‹è¯•ï¼Œé‡æ„ä¼˜åŒ–ï¼Œç­‰æ›´å¤šåˆ†ç±»,10.3k,-,10/09,
128,cuiocean/ZY-Player,https://github.com/cuiocean/ZY-Player,â–¶ï¸ è·¨å¹³å°æ¡Œé¢ç«¯è§†é¢‘èµ„æºæ’­æ”¾å™¨.ç®€æ´æ— å¹¿å‘Š.å…è´¹é«˜é¢œå€¼. ğŸ,10.3k,Vue,10/13,
129,imarvinle/awesome-cs-books,https://github.com/imarvinle/awesome-cs-books,ç»å…¸ç¼–ç¨‹ä¹¦ç±å¤§å…¨ï¼Œæ¶µç›–ï¼šè®¡ç®—æœºç³»ç»Ÿä¸ç½‘ç»œã€ç³»ç»Ÿæ¶æ„ã€ç®—æ³•ä¸æ•°æ®ç»“æ„ã€å‰ç«¯å¼€å‘ã€åç«¯å¼€å‘ã€ç§»åŠ¨å¼€å‘ã€æ•°æ®åº“ã€æµ‹è¯•ã€é¡¹ç›®ä¸å›¢é˜Ÿã€ç¨‹åºå‘˜èŒä¸šä¿®ç‚¼ã€æ±‚èŒé¢è¯•ç­‰,10.2k,-,10/26,
130,yifeikong/reverse-interview-zh,https://github.com/yifeikong/reverse-interview-zh,æŠ€æœ¯é¢è¯•æœ€ååé—®é¢è¯•å®˜çš„è¯,9.5k,-,10/13,
131,hackstoic/golang-open-source-projects,https://github.com/hackstoic/golang-open-source-projects,ä¸ºäº’è”ç½‘ITäººæ‰“é€ çš„ä¸­æ–‡ç‰ˆawesome-go,9.2k,-,05/13,
132,chefyuan/algorithm-base,https://github.com/chefyuan/algorithm-base,ä¸“é—¨ä¸ºåˆšå¼€å§‹åˆ·é¢˜çš„åŒå­¦å‡†å¤‡çš„ç®—æ³•åŸºåœ°ï¼Œæ²¡æœ‰æœ€ç»†åªæœ‰æ›´ç»†ï¼Œç«‹å¿—ç”¨åŠ¨ç”»å°†æ™¦æ¶©éš¾æ‡‚çš„ç®—æ³•è¯´çš„é€šä¿—æ˜“æ‡‚ï¼,9.2k,Java,10/15,
133,AlloyTeam/Mars,https://github.com/AlloyTeam/Mars,è…¾è®¯ç§»åŠ¨ Web å‰ç«¯çŸ¥è¯†åº“,9.2k,-,09/03,
134,nusr/hacker-laws-zh,https://github.com/nusr/hacker-laws-zh,ğŸ’»ğŸ“–å¯¹å¼€å‘äººå‘˜æœ‰ç”¨çš„å®šå¾‹ã€ç†è®ºã€åŸåˆ™å’Œæ¨¡å¼ã€‚(Lawsã€Theoriesã€Principles and Patterns that developers will find useful.,9.2k,-,06/19,
135,XIU2/TrackersListCollection,https://github.com/XIU2/TrackersListCollection,ğŸˆ Updated daily! A list of popular BitTorrent Trackers! / æ¯å¤©æ›´æ–°ï¼å…¨ç½‘çƒ­é—¨ BT Tracker åˆ—è¡¨ï¼,9.2k,-,11/01,
136,rootsongjc/kubernetes-handbook,https://github.com/rootsongjc/kubernetes-handbook,Kubernetesä¸­æ–‡æŒ‡å—/äº‘åŸç”Ÿåº”ç”¨æ¶æ„å®è·µæ‰‹å†Œ -  https://jimmysong.io/kubernetes-handbook,9.1k,Shell,10/30,
137,darknessomi/musicbox,https://github.com/darknessomi/musicbox,ç½‘æ˜“äº‘éŸ³ä¹å‘½ä»¤è¡Œç‰ˆæœ¬,9.1k,Python,09/21,
138,lihengming/spring-boot-api-project-seed,https://github.com/lihengming/spring-boot-api-project-seed,:seedling::rocket:ä¸€ä¸ªåŸºäºSpring Boot & MyBatisçš„ç§å­é¡¹ç›®ï¼Œç”¨äºå¿«é€Ÿæ„å»ºä¸­å°å‹APIã€RESTful APIé¡¹ç›®~,8.9k,Java,07/21,
139,macrozheng/mall-admin-web,https://github.com/macrozheng/mall-admin-web,mall-admin-webæ˜¯ä¸€ä¸ªç”µå•†åå°ç®¡ç†ç³»ç»Ÿçš„å‰ç«¯é¡¹ç›®ï¼ŒåŸºäºVue+Elementå®ç°ã€‚ ä¸»è¦åŒ…æ‹¬å•†å“ç®¡ç†ã€è®¢å•ç®¡ç†ã€ä¼šå‘˜ç®¡ç†ã€ä¿ƒé”€ç®¡ç†ã€è¿è¥ç®¡ç†ã€å†…å®¹ç®¡ç†ã€ç»Ÿè®¡æŠ¥è¡¨ã€è´¢åŠ¡ç®¡ç†ã€æƒé™ç®¡ç†ã€è®¾ç½®ç­‰åŠŸèƒ½ã€‚,8.9k,Vue,08/09,
140,hackware1993/MagicIndicator,https://github.com/hackware1993/MagicIndicator,A powerfulã€customizable and extensible ViewPager indicator framework. As the best alternative of ViewPagerIndicatorã€TabLayout and PagerSlidingTabStrip   â€”â€”   å¼ºå¤§ã€å¯å®šåˆ¶ã€æ˜“æ‰©å±•çš„ ViewPager æŒ‡ç¤ºå™¨æ¡†æ¶ã€‚æ˜¯ViewPagerIndicatorã€TabLayoutã€PagerSlidingTabStripçš„æœ€ä½³æ›¿ä»£å“ã€‚æ”¯æŒè§’æ ‡ã€æ›´æ”¯æŒåœ¨éViewPageråœºæ™¯ä¸‹ä½¿ç”¨ï¼ˆä½¿ç”¨hide()ã€show()åˆ‡æ¢Fragmentæˆ–ä½¿ç”¨se ...,8.9k,Java,06/20,
141,OI-wiki/OI-wiki,https://github.com/OI-wiki/OI-wiki,:star2: Wiki of OI / ICPC for everyone. ï¼ˆæŸå¤§å‹æ¸¸æˆçº¿ä¸Šæ”»ç•¥ï¼Œå†…å«ç‚«é…·ç®—æœ¯é­”æ³•ï¼‰,8.9k,-,10/31,
142,DuGuQiuBai/Java,https://github.com/DuGuQiuBai/Java,27å¤©æˆä¸ºJavaå¤§ç¥,8.9k,Java,05/20,
143,ChenYilong/iOSInterviewQuestions,https://github.com/ChenYilong/iOSInterviewQuestions,iOS interview questions;iOSé¢è¯•é¢˜é›†é”¦ï¼ˆé™„ç­”æ¡ˆï¼‰--å­¦ä¹ qqç¾¤æˆ– Telegram ç¾¤äº¤æµ https://github.com/ChenYilong/iOSBlog/issues/21,8.9k,C++,09/03,
144,programthink/zhao,https://github.com/programthink/zhao,ã€ç¼–ç¨‹éšæƒ³ã€‘æ•´ç†çš„ã€Šå¤ªå­å…šå…³ç³»ç½‘ç»œã€‹ï¼Œä¸“é—¨æ­éœ²èµµå›½çš„æƒè´µ,8.8k,Python,08/01,
145,geektutu/7days-golang,https://github.com/geektutu/7days-golang,7 days golang programs from scratch (web framework Geeã€distributed cache GeeCacheã€object relational mapping ORM framework GeeORMã€rpc framework GeeRPC etc)  7å¤©ç”¨GoåŠ¨æ‰‹å†™/ä»é›¶å®ç°ç³»åˆ—,8.8k,Go,08/26,
146,fangzesheng/free-api,https://github.com/fangzesheng/free-api,æ”¶é›†å…è´¹çš„æ¥å£æœåŠ¡ã€åšä¸€ä¸ªapiçš„æ¬è¿å·¥,8.7k,-,10/08,
147,flutterchina/flutter-in-action,https://github.com/flutterchina/flutter-in-action,ã€ŠFlutterå®æˆ˜ã€‹ç”µå­ä¹¦,8.7k,JavaScript,10/07,
148,XiangLinPro/IT_book,https://github.com/XiangLinPro/IT_book,æœ¬é¡¹ç›®æ”¶è—è¿™äº›å¹´æ¥çœ‹è¿‡æˆ–è€…å¬è¿‡çš„ä¸€äº›ä¸é”™çš„å¸¸ç”¨çš„ä¸Šåƒæœ¬ä¹¦ç±ï¼Œæ²¡å‡†ä½ æƒ³æ‰¾çš„ä¹¦å°±åœ¨è¿™é‡Œå‘¢ï¼ŒåŒ…å«äº†äº’è”ç½‘è¡Œä¸šå¤§å¤šæ•°ä¹¦ç±å’Œé¢è¯•ç»éªŒé¢˜ç›®ç­‰ç­‰ã€‚æœ‰äººå·¥æ™ºèƒ½ç³»åˆ—ï¼ˆå¸¸ç”¨æ·±åº¦å­¦ä¹ æ¡†æ¶TensorFlowã€pytorchã€kerasã€‚NLPã€æœºå™¨å­¦ä¹ ã€æ·±åº¦å­¦ä¹ ç­‰ç­‰ï¼‰ã€å¤§æ•°æ®ç³»åˆ—(Sparkã€Hadoopã€Scalaã€kafkaç­‰)ã€ç¨‹åºå‘˜å¿…ä¿®ç³»åˆ—ï¼ˆCã€C++ã€javaã€æ•°æ®ç»“æ„ã€linuxã€è®¾è®¡æ¨¡å¼ã€æ•°æ®åº“ç­‰ç­‰ï¼‰,8.6k,-,10/23,
149,didi/chameleon,https://github.com/didi/chameleon,ğŸ¦ ä¸€å¥—ä»£ç è¿è¡Œå¤šç«¯ï¼Œä¸€ç«¯æ‰€è§å³å¤šç«¯æ‰€è§,8.6k,JavaScript,10/07,
150,sfyc23/EverydayWechat,https://github.com/sfyc23/EverydayWechat,å¾®ä¿¡åŠ©æ‰‹ï¼š1.æ¯æ—¥å®šæ—¶ç»™å¥½å‹ï¼ˆå¥³å‹ï¼‰å‘é€å®šåˆ¶æ¶ˆæ¯ã€‚2.æœºå™¨äººè‡ªåŠ¨å›å¤å¥½å‹ã€‚3.ç¾¤åŠ©æ‰‹åŠŸèƒ½ï¼ˆä¾‹å¦‚ï¼šæŸ¥è¯¢åƒåœ¾åˆ†ç±»ã€å¤©æ°”ã€æ—¥å†ã€ç”µå½±å®æ—¶ç¥¨æˆ¿ã€å¿«é€’ç‰©æµã€PM2.5ç­‰ï¼‰,8.6k,Python,06/22,
151,paascloud/paascloud-master,https://github.com/paascloud/paascloud-master,spring cloud + vue + oAuth2.0å…¨å®¶æ¡¶å®æˆ˜ï¼Œå‰åç«¯åˆ†ç¦»æ¨¡æ‹Ÿå•†åŸï¼Œå®Œæ•´çš„è´­ç‰©æµç¨‹ã€åç«¯è¿è¥å¹³å°ï¼Œå¯ä»¥å®ç°å¿«é€Ÿæ­å»ºä¼ä¸šçº§å¾®æœåŠ¡é¡¹ç›®ã€‚æ”¯æŒå¾®ä¿¡ç™»å½•ç­‰ä¸‰æ–¹ç™»å½•ã€‚,9.2k,Java,04/23,
152,iamshuaidi/CS-Book,https://github.com/iamshuaidi/CS-Book,è®¡ç®—æœºç±»å¸¸ç”¨ç”µå­ä¹¦æ•´ç†ï¼Œå¹¶ä¸”é™„å¸¦ä¸‹è½½é“¾æ¥ï¼ŒåŒ…æ‹¬Javaï¼ŒPythonï¼ŒLinuxï¼ŒGoï¼ŒCï¼ŒC++ï¼Œæ•°æ®ç»“æ„ä¸ç®—æ³•ï¼Œäººå·¥æ™ºèƒ½ï¼Œè®¡ç®—æœºåŸºç¡€ï¼Œé¢è¯•ï¼Œè®¾è®¡æ¨¡å¼ï¼Œæ•°æ®åº“ï¼Œå‰ç«¯ç­‰ä¹¦ç±,9.1k,-,08/10,
153,Tencent/secguide,https://github.com/Tencent/secguide,é¢å‘å¼€å‘äººå‘˜æ¢³ç†çš„ä»£ç å®‰å…¨æŒ‡å—,9.0k,-,10/06,
154,ruanyf/document-style-guide,https://github.com/ruanyf/document-style-guide,ä¸­æ–‡æŠ€æœ¯æ–‡æ¡£çš„å†™ä½œè§„èŒƒ,8.9k,-,09/13,
155,mzlogin/awesome-adb,https://github.com/mzlogin/awesome-adb,ADB Usage Complete / ADB ç”¨æ³•å¤§å…¨,8.5k,-,07/23,
156,GcsSloop/AndroidNote,https://github.com/GcsSloop/AndroidNote,å®‰å“å­¦ä¹ ç¬”è®°,8.4k,Java,05/25,
157,baidu/amis,https://github.com/baidu/amis,å‰ç«¯ä½ä»£ç æ¡†æ¶ï¼Œé€šè¿‡ JSON é…ç½®å°±èƒ½ç”Ÿæˆå„ç§é¡µé¢ã€‚,8.4k,TypeScript,10/31,
158,Dod-o/Statistical-Learning-Method_Code,https://github.com/Dod-o/Statistical-Learning-Method_Code,æ‰‹å†™å®ç°æèˆªã€Šç»Ÿè®¡å­¦ä¹ æ–¹æ³•ã€‹ä¹¦ä¸­å…¨éƒ¨ç®—æ³•,8.3k,Python,09/13,
159,polaris1119/The-Golang-Standard-Library-by-Example,https://github.com/polaris1119/The-Golang-Standard-Library-by-Example,Golangæ ‡å‡†åº“ã€‚å¯¹äºç¨‹åºå‘˜è€Œè¨€ï¼Œæ ‡å‡†åº“ä¸è¯­è¨€æœ¬èº«åŒæ ·é‡è¦ï¼Œå®ƒå¥½æ¯”ä¸€ä¸ªç™¾å®ç®±ï¼Œèƒ½ä¸ºå„ç§å¸¸è§çš„ä»»åŠ¡æä¾›å®Œç¾çš„è§£å†³æ–¹æ¡ˆã€‚ä»¥ç¤ºä¾‹é©±åŠ¨çš„æ–¹å¼è®²è§£Golangçš„æ ‡å‡†åº“ã€‚,8.2k,Go,10/19,
160,sentsin/layer,https://github.com/sentsin/layer,ä¸°å¯Œå¤šæ ·çš„ Web å¼¹å‡ºå±‚ç»„ä»¶ï¼Œå¯è½»æ¾å®ç° Alert/Confirm/Prompt/ æ™®é€šæç¤º/é¡µé¢åŒºå—/iframe/tipsç­‰ç­‰å‡ ä¹æ‰€æœ‰çš„å¼¹å‡ºäº¤äº’ã€‚ç›®å‰å·²æˆä¸ºæœ€å¤šäººä½¿ç”¨çš„å¼¹å±‚è§£å†³æ–¹æ¡ˆ,8.2k,JavaScript,05/22,
161,wistbean/learn_python3_spider,https://github.com/wistbean/learn_python3_spider,pythonçˆ¬è™«æ•™ç¨‹ç³»åˆ—ã€ä»0åˆ°1å­¦ä¹ pythonçˆ¬è™«ï¼ŒåŒ…æ‹¬æµè§ˆå™¨æŠ“åŒ…ï¼Œæ‰‹æœºAPPæŠ“åŒ…ï¼Œå¦‚ fiddlerã€mitmproxyï¼Œå„ç§çˆ¬è™«æ¶‰åŠçš„æ¨¡å—çš„ä½¿ç”¨ï¼Œå¦‚ï¼šrequestsã€beautifulSoupã€seleniumã€appiumã€scrapyç­‰ï¼Œä»¥åŠIPä»£ç†ï¼ŒéªŒè¯ç è¯†åˆ«ï¼ŒMysqlï¼ŒMongoDBæ•°æ®åº“çš„pythonä½¿ç”¨ï¼Œå¤šçº¿ç¨‹å¤šè¿›ç¨‹çˆ¬è™«çš„ä½¿ç”¨ï¼Œcss çˆ¬è™«åŠ å¯†é€†å‘ç ´è§£ï¼ŒJSçˆ¬è™«é€†å‘ï¼Œåˆ†å¸ƒå¼çˆ¬è™«ï¼Œçˆ¬è™«é¡¹ç›®å®æˆ˜å®ä¾‹ç­‰,8.1k,Python,10/21,
162,zh-google-styleguide/zh-google-styleguide,https://github.com/zh-google-styleguide/zh-google-styleguide,Google å¼€æºé¡¹ç›®é£æ ¼æŒ‡å— (ä¸­æ–‡ç‰ˆ,8.1k,Makefile,10/19,
163,hq450/fancyss_history_package,https://github.com/hq450/fancyss_history_package,ç§‘å­¦ä¸Šç½‘æ’ä»¶çš„ç¦»çº¿å®‰è£…åŒ…å‚¨å­˜åœ¨è¿™é‡Œ,8.1k,-,05/25,
164,jindongwang/transferlearning,https://github.com/jindongwang/transferlearning,Transfer learning / domain adaptation / domain generalization / multi-task learning etc. papersã€codes. datasetsã€applicationsã€tutorials.-è¿ç§»å­¦ä¹ ,8.1k,Python,10/27,
165,DayBreak-u/chineseocr_lite,https://github.com/DayBreak-u/chineseocr_lite,è¶…è½»é‡çº§ä¸­æ–‡ocrï¼Œæ”¯æŒç«–æ’æ–‡å­—è¯†åˆ«ã€æ”¯æŒncnnã€mnnã€tnnæ¨ç† ( dbnet(1.8M) + crnn(2.5M) + anglenet(378KB)) æ€»æ¨¡å‹ä»…4.7M ,8.1k,C++,10/28,
166,guyueyingmu/avbook,https://github.com/guyueyingmu/avbook,AV ç”µå½±ç®¡ç†ç³»ç»Ÿï¼Œ avmooã€javbusã€javlibrary çˆ¬è™«ã€çº¿ä¸Š AV å½±ç‰‡å›¾ä¹¦é¦†ã€AV ç£åŠ›é“¾æ¥æ•°æ®åº“ã€Japanese Adult Video Libraryã€Adult Video Magnet Links - Japanese Adult Video Database,8.1k,PHP,10/06,
167,newbee-ltd/newbee-mall,https://github.com/newbee-ltd/newbee-mall,ğŸ”¥ ğŸ‰newbee-mall é¡¹ç›®ï¼ˆæ–°èœ‚å•†åŸï¼‰æ˜¯ä¸€å¥—ç”µå•†ç³»ç»Ÿï¼ŒåŒ…æ‹¬ newbee-mall å•†åŸç³»ç»ŸåŠ newbee-mall-admin å•†åŸåå°ç®¡ç†ç³»ç»Ÿï¼ŒåŸºäº Spring Boot 2.X åŠç›¸å…³æŠ€æœ¯æ ˆå¼€å‘ã€‚ å‰å°å•†åŸç³»ç»ŸåŒ…å«é¦–é¡µé—¨æˆ·ã€å•†å“åˆ†ç±»ã€æ–°å“ä¸Šçº¿ã€é¦–é¡µè½®æ’­ã€å•†å“æ¨èã€å•†å“æœç´¢ã€å•†å“å±•ç¤ºã€è´­ç‰©è½¦ã€è®¢å•ç»“ç®—ã€è®¢å•æµç¨‹ã€ä¸ªäººè®¢å•ç®¡ç†ã€ä¼šå‘˜ä¸­å¿ƒã€å¸®åŠ©ä¸­å¿ƒç­‰æ¨¡å—ã€‚ åå°ç®¡ç†ç³»ç»ŸåŒ…å«æ•°æ®é¢æ¿ã€è½®æ’­å›¾ç®¡ç†ã€å•†å“ç®¡ç†ã€è®¢å•ç®¡ç†ã€ä¼šå‘˜ç®¡ç†ã€åˆ†ç±»ç®¡ç†ã€è®¾ç½®ç­‰æ¨¡å—ã€‚,8.1k,Java,10/22,
168,crossoverJie/cim,https://github.com/crossoverJie/cim,ğŸ“²cim(cross IM) é€‚ç”¨äºå¼€å‘è€…çš„åˆ†å¸ƒå¼å³æ—¶é€šè®¯ç³»ç»Ÿ,8.0k,Java,10/12,
169,unknwon/go-fundamental-programming,https://github.com/unknwon/go-fundamental-programming,ã€ŠGo ç¼–ç¨‹åŸºç¡€ã€‹æ˜¯ä¸€å¥—é’ˆå¯¹ Google å‡ºå“çš„ Go è¯­è¨€çš„è§†é¢‘è¯­éŸ³æ•™ç¨‹ï¼Œä¸»è¦é¢å‘æ–°æ‰‹çº§åˆ«çš„å­¦ä¹ è€…ã€‚,8.0k,Go,10/25,
170,tgbot-collection/YYeTsBot,https://github.com/tgbot-collection/YYeTsBot,ğŸ¬ äººäººå½±è§†botï¼Œå®Œå…¨å¯¹æ¥äººäººå½±è§†å…¨éƒ¨æ— åˆ å‡èµ„æº,7.9k,Python,10/31,
171,huanghaibin-dev/CalendarView,https://github.com/huanghaibin-dev/CalendarView,Androidä¸Šä¸€ä¸ªä¼˜é›…ã€ä¸‡èƒ½è‡ªå®šä¹‰UIã€ä»¿iOSã€æ”¯æŒå‚ç›´ã€æ°´å¹³æ–¹å‘åˆ‡æ¢ã€æ”¯æŒå‘¨è§†å›¾ã€è‡ªå®šä¹‰å‘¨èµ·å§‹ã€æ€§èƒ½é«˜æ•ˆçš„æ—¥å†æ§ä»¶ï¼Œæ”¯æŒçƒ­æ’æ‹”å®ç°çš„UIå®šåˆ¶ï¼æ”¯æŒæ ‡è®°ã€è‡ªå®šä¹‰é¢œè‰²ã€å†œå†ã€è‡ªå®šä¹‰æœˆè§†å›¾å„ç§æ˜¾ç¤ºæ¨¡å¼ç­‰ã€‚Canvasç»˜åˆ¶ï¼Œé€Ÿåº¦å¿«ã€å ç”¨å†…å­˜ä½ï¼Œä½ çœŸçš„æƒ³ä¸åˆ°æ—¥å†å±…ç„¶è¿˜å¯ä»¥å¦‚æ­¤ä¼˜é›…ï¼An elegantã€highly customized and high-performance Calendar Widget on Android.,7.9k,Java,10/11,
172,fuck-xuexiqiangguo/Fuck-XueXiQiangGuo,https://github.com/fuck-xuexiqiangguo/Fuck-XueXiQiangGuo,å­¦ä¹ å¼ºå›½ æ‡’äººåˆ·åˆ†å·¥å…· è‡ªåŠ¨å­¦ä¹ ,7.9k,-,07/12,
173,evil-huawei/evil-huawei,https://github.com/evil-huawei/evil-huawei,Evil Huawei - åä¸ºä½œè¿‡çš„æ¶,7.8k,JavaScript,07/02,
174,judasn/Linux-Tutorial,https://github.com/judasn/Linux-Tutorial,ã€ŠJava ç¨‹åºå‘˜çœ¼ä¸­çš„ Linuxã€‹,7.7k,Shell,07/05,
175,banchichen/TZImagePickerController,https://github.com/banchichen/TZImagePickerController,ä¸€ä¸ªæ”¯æŒå¤šé€‰ã€é€‰åŸå›¾å’Œè§†é¢‘çš„å›¾ç‰‡é€‰æ‹©å™¨ï¼ŒåŒæ—¶æœ‰é¢„è§ˆã€è£å‰ªåŠŸèƒ½ï¼Œæ”¯æŒiOS6+ã€‚  A clone of UIImagePickerControllerã€support picking multiple photosã€original photoã€videoã€also allow preview photo and videoã€support iOS6+,7.7k,Objective-C,10/14,
176,thinkgem/jeesite,https://github.com/thinkgem/jeesite,JeeSite æ˜¯ä¸€ä¸ªä¼ä¸šä¿¡æ¯åŒ–å¼€å‘åŸºç¡€å¹³å°ï¼ŒJavaä¼ä¸šåº”ç”¨å¼€æºæ¡†æ¶ï¼ŒJava EEï¼ˆJ2EEï¼‰å¿«é€Ÿå¼€å‘æ¡†æ¶ï¼Œä½¿ç”¨ç»å…¸æŠ€æœ¯ç»„åˆï¼ˆSpringã€Spring MVCã€Apache Shiroã€MyBatisã€Bootstrap UIï¼‰ï¼ŒåŒ…æ‹¬æ ¸å¿ƒæ¨¡å—å¦‚ï¼šç»„ç»‡æœºæ„ã€è§’è‰²ç”¨æˆ·ã€æƒé™æˆæƒã€æ•°æ®æƒé™ã€å†…å®¹ç®¡ç†ã€å·¥ä½œæµç­‰ã€‚,7.7k,JavaScript,04/28,
177,doocs/jvm,https://github.com/doocs/jvm,ğŸ¤— JVM åº•å±‚åŸç†æœ€å…¨çŸ¥è¯†æ€»ç»“,7.5k,Java,10/21,
178,timqian/chinese-independent-blogs,https://github.com/timqian/chinese-independent-blogs,ä¸­æ–‡ç‹¬ç«‹åšå®¢åˆ—è¡¨,7.5k,JavaScript,11/01,
179,mamoe/mirai,https://github.com/mamoe/mirai,é«˜æ•ˆç‡ QQ æœºå™¨äººæ”¯æŒåº“,7.7k,Kotlin,10/31,
180,hs-web/hsweb-framework,https://github.com/hs-web/hsweb-framework,hsweb (haÊŠs wÉ›b) æ˜¯ä¸€ä¸ªåŸºäºspring-boot 2.xå¼€å‘ã€é¦–ä¸ªä½¿ç”¨å…¨å“åº”å¼ç¼–ç¨‹çš„ä¼ä¸šçº§åå°ç®¡ç†ç³»ç»ŸåŸºç¡€é¡¹ç›®ã€‚,7.7k,Java,10/28,
181,top-think/think,https://github.com/top-think/think,ThinkPHP Framework â€”â€”åå¹´åŒ å¿ƒçš„é«˜æ€§èƒ½PHPæ¡†æ¶,7.7k,PHP,07/22,
182,wangshub/Douyin-Bot,https://github.com/wangshub/Douyin-Bot,ğŸ˜ Python æŠ–éŸ³æœºå™¨äººï¼Œè®ºå¦‚ä½•åœ¨æŠ–éŸ³ä¸Šæ‰¾åˆ°æ¼‚äº®å°å§å§ï¼Ÿ ,7.6k,Python,09/08,
183,dxcweb/high-speed-downloader,https://github.com/dxcweb/high-speed-downloader,å·²ä¸å†ç»´æŠ¤,7.6k,-,07/11,
184,chokcoco/CSS-Inspiration,https://github.com/chokcoco/CSS-Inspiration,CSS Inspirationï¼Œåœ¨è¿™é‡Œæ‰¾åˆ°å†™ CSS çš„çµæ„Ÿï¼,7.4k,CSS,10/22,
185,injetlee/Python,https://github.com/injetlee/Python,Pythonè„šæœ¬ã€‚æ¨¡æ‹Ÿç™»å½•çŸ¥ä¹ï¼Œ çˆ¬è™«ï¼Œæ“ä½œexcelï¼Œå¾®ä¿¡å…¬ä¼—å·ï¼Œè¿œç¨‹å¼€æœº,7.2k,Python,10/13,
186,doocs/source-code-hunter,https://github.com/doocs/source-code-hunter,ğŸ˜± ä»æºç å±‚é¢ï¼Œå‰–ææŒ–æ˜äº’è”ç½‘è¡Œä¸šä¸»æµæŠ€æœ¯çš„åº•å±‚å®ç°åŸç†ï¼Œä¸ºå¹¿å¤§å¼€å‘è€… â€œæå‡æŠ€æœ¯æ·±åº¦â€ æä¾›ä¾¿åˆ©ã€‚ç›®å‰å¼€æ”¾ Spring å…¨å®¶æ¡¶ï¼ŒMybatisã€Nettyã€Dubbo æ¡†æ¶ï¼ŒåŠ Redisã€Tomcat ä¸­é—´ä»¶ç­‰,7.2k,Java,09/13,
187,inferjay/AndroidDevTools,https://github.com/inferjay/AndroidDevTools,æ”¶é›†æ•´ç†Androidå¼€å‘æ‰€éœ€çš„Android SDKã€å¼€å‘ä¸­ç”¨åˆ°çš„å·¥å…·ã€Androidå¼€å‘æ•™ç¨‹ã€Androidè®¾è®¡è§„èŒƒï¼Œå…è´¹çš„è®¾è®¡ç´ æç­‰ã€‚,7.2k,-,08/04,
188,phodal/github,https://github.com/phodal/github,GitHub æ¼«æ¸¸æŒ‡å—- a Chinese ebook on how to build a good project on Github. Explore the users' behavior. Find some thing interest.,6.9k,Rich Text Format,10/28,
189,ljianshu/Blog,https://github.com/ljianshu/Blog,å…³æ³¨åŸºç¡€çŸ¥è¯†ï¼Œæ‰“é€ ä¼˜è´¨å‰ç«¯åšå®¢ï¼Œå…¬ä¼—å·[å‰ç«¯å·¥åŒ ]çš„ä½œè€…,6.8k,JavaScript,10/06,
190,amusi/CVPR2021-Papers-with-Code,https://github.com/amusi/CVPR2021-Papers-with-Code,CVPR 2021 è®ºæ–‡å’Œå¼€æºé¡¹ç›®åˆé›†,6.8k,-,07/11,
191,ACL4SSR/ACL4SSR,https://github.com/ACL4SSR/ACL4SSR,SSR å»å¹¿å‘ŠACLè§„åˆ™/SSå®Œæ•´GFWListè§„åˆ™/Clashè§„åˆ™ç¢ç‰‡ï¼ŒTelegramé¢‘é“è®¢é˜…åœ°å€,6.7k,-,10/23,
192,KunMinX/Jetpack-MVVM-Best-Practice,https://github.com/KunMinX/Jetpack-MVVM-Best-Practice,æ˜¯ éš¾å¾—ä¸€è§ çš„ Jetpack MVVM æœ€ä½³å®è·µï¼åœ¨ ä»¥ç®€é©­ç¹ çš„ä»£ç ä¸­ï¼Œå¯¹ è§†å›¾æ§åˆ¶å™¨ ä¹ƒè‡³ æ ‡å‡†åŒ–å¼€å‘æ¨¡å¼ å½¢æˆæ­£ç¡®ã€æ·±å…¥çš„ç†è§£ï¼,6.7k,Java,10/31,
193,goldze/MVVMHabit,https://github.com/goldze/MVVMHabit,ğŸ‘•åŸºäºè°·æ­Œæœ€æ–°AACæ¶æ„ï¼ŒMVVMè®¾è®¡æ¨¡å¼çš„ä¸€å¥—å¿«é€Ÿå¼€å‘åº“ï¼Œæ•´åˆOkhttp+RxJava+Retrofit+Glideç­‰ä¸»æµæ¨¡å—ï¼Œæ»¡è¶³æ—¥å¸¸å¼€å‘éœ€æ±‚ã€‚ä½¿ç”¨è¯¥æ¡†æ¶å¯ä»¥å¿«é€Ÿå¼€å‘ä¸€ä¸ªé«˜è´¨é‡ã€æ˜“ç»´æŠ¤çš„Androidåº”ç”¨ã€‚,6.7k,Java,10/25,
194,dromara/Sa-Token,https://github.com/dromara/Sa-Token,è¿™å¯èƒ½æ˜¯å²ä¸ŠåŠŸèƒ½æœ€å…¨çš„Javaæƒé™è®¤è¯æ¡†æ¶ï¼ç›®å‰å·²é›†æˆâ€”â€”ç™»å½•è®¤è¯ã€æƒé™è®¤è¯ã€åˆ†å¸ƒå¼Sessionä¼šè¯ã€å¾®æœåŠ¡ç½‘å…³é‰´æƒã€å•ç‚¹ç™»å½•ã€OAuth2.0ã€è¸¢äººä¸‹çº¿ã€Redisé›†æˆã€å‰åå°åˆ†ç¦»ã€è®°ä½æˆ‘æ¨¡å¼ã€æ¨¡æ‹Ÿä»–äººè´¦å·ã€ä¸´æ—¶èº«ä»½åˆ‡æ¢ã€è´¦å·å°ç¦ã€å¤šè´¦å·è®¤è¯ä½“ç³»ã€æ³¨è§£å¼é‰´æƒã€è·¯ç”±æ‹¦æˆªå¼é‰´æƒã€èŠ±å¼tokenç”Ÿæˆã€è‡ªåŠ¨ç»­ç­¾ã€åŒç«¯äº’æ–¥ç™»å½•ã€ä¼šè¯æ²»ç†ã€å¯†ç åŠ å¯†ã€jwté›†æˆã€Springé›†æˆã€WebFluxé›†æˆ...,6.7k,Java,10/30,
195,OpenFlutter/Flutter-Notebook,https://github.com/OpenFlutter/Flutter-Notebook,FlutterDemoåˆé›†ï¼Œä»Šå¤©ä½ fuäº†å—,6.7k,Dart,04/14,
196,JeffreySu/WeiXinMPSDK,https://github.com/JeffreySu/WeiXinMPSDK,å¾®ä¿¡å…¨å¹³å° SDK Senparc.Weixin for C#ï¼Œæ”¯æŒ .NET Framework åŠ .NET Coreã€.NET 6.0ã€‚å·²æ”¯æŒå¾®ä¿¡å…¬ä¼—å·ã€å°ç¨‹åºã€å°æ¸¸æˆã€ä¼ä¸šå·ã€ä¼ä¸šå¾®ä¿¡ã€å¼€æ”¾å¹³å°ã€å¾®ä¿¡æ”¯ä»˜ã€JSSDKã€å¾®ä¿¡å‘¨è¾¹ç­‰å…¨å¹³å°ã€‚ WeChat SDK for C#.,7.0k,C#,10/26,
197,Hackl0us/SS-Rule-Snippet,https://github.com/Hackl0us/SS-Rule-Snippet,æœé›†ã€æ•´ç†ã€ç»´æŠ¤ Surge / Quantumult (X) / Shadowrocket / Surfboard / clash (Premium) å®ç”¨è§„åˆ™ã€‚,7.0k,JavaScript,10/25,
198,alibaba/otter,https://github.com/alibaba/otter,é˜¿é‡Œå·´å·´åˆ†å¸ƒå¼æ•°æ®åº“åŒæ­¥ç³»ç»Ÿ(è§£å†³ä¸­ç¾å¼‚åœ°æœºæˆ¿,6.9k,Java,10/05,
199,zhoutaoo/SpringCloud,https://github.com/zhoutaoo/SpringCloud,åŸºäºSpringCloud2.1çš„å¾®æœåŠ¡å¼€å‘è„šæ‰‹æ¶ï¼Œæ•´åˆäº†spring-security-oauth2ã€nacosã€feignã€sentinelã€springcloud-gatewayç­‰ã€‚æœåŠ¡æ²»ç†æ–¹é¢å¼•å…¥elasticsearchã€skywalkingã€springboot-adminã€zipkinç­‰ï¼Œè®©é¡¹ç›®å¼€å‘å¿«é€Ÿè¿›å…¥ä¸šåŠ¡å¼€å‘ï¼Œè€Œä¸éœ€è¿‡å¤šæ—¶é—´èŠ±è´¹åœ¨æ¶æ„æ­å»ºä¸Šã€‚æŒç»­æ›´æ–°ä¸­,6.9k,Java,09/04,
200,luyishisi/Anti-Anti-Spider,https://github.com/luyishisi/Anti-Anti-Spider,è¶Šæ¥è¶Šå¤šçš„ç½‘ç«™å…·æœ‰åçˆ¬è™«ç‰¹æ€§ï¼Œæœ‰çš„ç”¨å›¾ç‰‡éšè—å…³é”®æ•°æ®ï¼Œæœ‰çš„ä½¿ç”¨åäººç±»çš„éªŒè¯ç ï¼Œå»ºç«‹ååçˆ¬è™«çš„ä»£ç ä»“åº“ï¼Œé€šè¿‡ä¸ä¸åŒç‰¹æ€§çš„ç½‘ç«™åšæ–—äº‰ï¼ˆæ— æ¶æ„ï¼‰æé«˜æŠ€æœ¯ã€‚ï¼ˆæ¬¢è¿æäº¤éš¾ä»¥é‡‡é›†çš„ç½‘ç«™ï¼‰ï¼ˆå› å·¥ä½œåŸå› ï¼Œé¡¹ç›®æš‚åœï¼‰ ,6.9k,Python,10/18,
201,wulabing/Xray_onekey,https://github.com/wulabing/Xray_onekey,Xray åŸºäº Nginx çš„ VLESS + XTLS ä¸€é”®å®‰è£…è„šæœ¬ ,6.8k,Shell,10/09,
202,panjf2000/ants,https://github.com/panjf2000/ants,ğŸœğŸœğŸœ ants is a high-performance and low-cost goroutine pool in Goã€inspired by fasthttp./ ants æ˜¯ä¸€ä¸ªé«˜æ€§èƒ½ä¸”ä½æŸè€—çš„ goroutine æ± ã€‚,6.8k,Go,10/23,
203,skyline75489/what-happens-when-zh_CN,https://github.com/skyline75489/what-happens-when-zh_CN,What-happens-when çš„ä¸­æ–‡ç¿»è¯‘ï¼ŒåŸä»“åº“ https://github.com/alex/what-happens-when,6.6k,-,07/01,
204,ustbhuangyi/vue-analysis,https://github.com/ustbhuangyi/vue-analysis,:thumbsup: Vue.js æºç åˆ†æ,6.5k,JavaScript,10/06,
205,taowen/awesome-lowcode,https://github.com/taowen/awesome-lowcode,å›½å†…ä½ä»£ç å¹³å°ä»ä¸šè€…äº¤æµ,6.5k,-,11/01,
206,datawhalechina/leeml-notes,https://github.com/datawhalechina/leeml-notes,æå®æ¯…ã€Šæœºå™¨å­¦ä¹ ã€‹ç¬”è®°ï¼Œåœ¨çº¿é˜…è¯»åœ°å€ï¼šhttps://datawhalechina.github.io/leeml-notes,6.5k,-,09/16,
207,ElemeFE/v-charts,https://github.com/ElemeFE/v-charts,åŸºäº Vue2.0 å’Œ ECharts å°è£…çš„å›¾è¡¨ç»„ä»¶ğŸ“ˆğŸ“Š,6.5k,JavaScript,04/06,
208,Exrick/xmall,https://github.com/Exrick/xmall,åŸºäºSOAæ¶æ„çš„åˆ†å¸ƒå¼ç”µå•†è´­ç‰©å•†åŸ å‰åç«¯åˆ†ç¦» å‰å°å•†åŸ:Vueå…¨å®¶æ¡¶ åå°ç®¡ç†ç³»ç»Ÿ:Dubbo/SSM/Elasticsearch/Redis/MySQL/ActiveMQ/Shiro/Zookeeperç­‰,6.4k,Java,07/28,
209,Tencent/QMUI_iOS,https://github.com/Tencent/QMUI_iOS,QMUI iOSâ€”â€”è‡´åŠ›äºæé«˜é¡¹ç›® UI å¼€å‘æ•ˆç‡çš„è§£å†³æ–¹æ¡ˆ,6.4k,Objective-C,09/01,
210,MorvanZhou/PyTorch-Tutorial,https://github.com/MorvanZhou/PyTorch-Tutorial,Build your neural network easy and fastã€è«çƒ¦Pythonä¸­æ–‡æ•™å­¦,6.4k,Jupyter Notebook,04/01,
211,wildfirechat/server,https://github.com/wildfirechat/server,å³æ—¶é€šè®¯(IM)ç³»ç»Ÿ,6.3k,Java,10/26,
212,lenve/VBlog,https://github.com/lenve/VBlog,Véƒ¨è½ï¼ŒVue+SpringBootå®ç°çš„å¤šç”¨æˆ·åšå®¢ç®¡ç†å¹³å°!,6.3k,Java,04/27,
213,Meituan-Dianping/walle,https://github.com/Meituan-Dianping/walle,Android Signature V2 Schemeç­¾åä¸‹çš„æ–°ä¸€ä»£æ¸ é“åŒ…æ‰“åŒ…ç¥å™¨,6.2k,Java,09/07,
214,smallnest/rpcx,https://github.com/smallnest/rpcx,Best microservices framework in Goã€like alibaba Dubboã€but with more featuresã€Scale easily. Try it. Test it. If you feel it's betterã€use it! ğ‰ğšğ¯ğšæœ‰ğğ®ğ›ğ›ğ¨ã€ğ†ğ¨ğ¥ğšğ§ğ æœ‰ğ«ğ©ğœğ±!,6.2k,Go,10/31,
215,Sunnyyoung/WeChatTweak-macOS,https://github.com/Sunnyyoung/WeChatTweak-macOS,A dynamic library tweak for WeChat macOS - é¦–æ¬¾å¾®ä¿¡ macOS å®¢æˆ·ç«¯æ’¤å›æ‹¦æˆªä¸å¤šå¼€,6.2k,Objective-C,10/19,
216,wolverinn/Waking-Up,https://github.com/wolverinn/Waking-Up,è®¡ç®—æœºåŸºç¡€ï¼ˆè®¡ç®—æœºç½‘ç»œ/æ“ä½œç³»ç»Ÿ/æ•°æ®åº“/Git...ï¼‰é¢è¯•é—®é¢˜å…¨é¢æ€»ç»“ï¼ŒåŒ…å«è¯¦ç»†çš„follow-up questionä»¥åŠç­”æ¡ˆï¼›å…¨éƒ¨é‡‡ç”¨ã€é—®é¢˜+è¿½é—®+ç­”æ¡ˆã€‘çš„å½¢å¼ï¼Œå³æ‹¿å³ç”¨ï¼Œç›´å‡»äº’è”ç½‘å¤§å‚é¢è¯•:rocket:ï¼›å¯ç”¨äºæ¨¡æ‹Ÿé¢è¯•ã€é¢è¯•å‰å¤ä¹ ã€çŸ­æœŸå†…å¿«é€Ÿå¤‡æˆ˜é¢è¯•...,6.2k,-,09/24,
217,ymcui/Chinese-BERT-wwm,https://github.com/ymcui/Chinese-BERT-wwm,Pre-Training with Whole Word Masking for Chinese BERTï¼ˆä¸­æ–‡BERT-wwmç³»åˆ—æ¨¡å‹ï¼‰,6.1k,Python,10/23,
218,Linzaer/Ultra-Light-Fast-Generic-Face-Detector-1MB,https://github.com/Linzaer/Ultra-Light-Fast-Generic-Face-Detector-1MB, ğŸ’1MB lightweight face detection model  (1MBè½»é‡çº§äººè„¸æ£€æµ‹æ¨¡å‹,6.1k,Python,04/26,
219,nswbmw/node-in-debugging,https://github.com/nswbmw/node-in-debugging,ã€ŠNode.js è°ƒè¯•æŒ‡å—ã€‹,6.1k,-,09/03,
220,Mikoto10032/DeepLearning,https://github.com/Mikoto10032/DeepLearning,æ·±åº¦å­¦ä¹ å…¥é—¨æ•™ç¨‹ã€ä¼˜ç§€æ–‡ç« ã€Deep Learning Tutorial,6.1k,Jupyter Notebook,10/21,
221,shidenggui/easytrader,https://github.com/shidenggui/easytrader,æä¾›åŒèŠ±é¡ºå®¢æˆ·ç«¯/å›½é‡‘/åæ³°å®¢æˆ·ç«¯/é›ªçƒçš„åŸºé‡‘ã€è‚¡ç¥¨è‡ªåŠ¨ç¨‹åºåŒ–äº¤æ˜“ä»¥åŠè‡ªåŠ¨æ‰“æ–°ï¼Œæ”¯æŒè·Ÿè¸ª joinquant /ricequant æ¨¡æ‹Ÿäº¤æ˜“ å’Œ å®ç›˜é›ªçƒç»„åˆã€é‡åŒ–äº¤æ˜“ç»„ä»¶,6.1k,Python,07/17,
222,NLPchina/ansj_seg,https://github.com/NLPchina/ansj_seg,ansjåˆ†è¯.ictçš„çœŸæ­£javaå®ç°.åˆ†è¯æ•ˆæœé€Ÿåº¦éƒ½è¶…è¿‡å¼€æºç‰ˆçš„ict. ä¸­æ–‡åˆ†è¯ã€äººåè¯†åˆ«ã€è¯æ€§æ ‡æ³¨ã€ç”¨æˆ·è‡ªå®šä¹‰è¯å…¸,6.0k,Java,08/15,
223,Ewenwan/MVision,https://github.com/Ewenwan/MVision,æœºå™¨äººè§†è§‰ ç§»åŠ¨æœºå™¨äºº VS-SLAM ORB-SLAM2 æ·±åº¦å­¦ä¹ ç›®æ ‡æ£€æµ‹ yolov3 è¡Œä¸ºæ£€æµ‹ opencv  PCL æœºå™¨å­¦ä¹  æ— äººé©¾é©¶,6.0k,C++,07/29,
224,nonstriater/Learn-Algorithms,https://github.com/nonstriater/Learn-Algorithms,ç®—æ³•å­¦ä¹ ç¬”è®°,6.0k,C,10/28,
225,QUANTAXIS/QUANTAXIS,https://github.com/QUANTAXIS/QUANTAXIS,QUANTAXIS æ”¯æŒä»»åŠ¡è°ƒåº¦ åˆ†å¸ƒå¼éƒ¨ç½²çš„ è‚¡ç¥¨/æœŸè´§/æœŸæƒ/æ¸¯è‚¡/è™šæ‹Ÿè´§å¸  æ•°æ®/å›æµ‹/æ¨¡æ‹Ÿ/äº¤æ˜“/å¯è§†åŒ–/å¤šè´¦æˆ· çº¯æœ¬åœ°é‡åŒ–è§£å†³æ–¹æ¡ˆ,6.0k,Python,10/21,
226,li-xiaojun/XPopup,https://github.com/li-xiaojun/XPopup,ğŸ”¥XPopup2.0ç‰ˆæœ¬é‡ç£…æ¥è¢­ï¼Œ2å€ä»¥ä¸Šæ€§èƒ½æå‡ï¼Œå¸¦æ¥å¯è§‚çš„åŠ¨ç”»æ€§èƒ½ä¼˜åŒ–å’Œäº¤äº’ç»†èŠ‚çš„æå‡ï¼ï¼ï¼åŠŸèƒ½å¼ºå¤§ï¼Œäº¤äº’ä¼˜é›…ï¼ŒåŠ¨ç”»ä¸æ»‘çš„é€šç”¨å¼¹çª—ï¼å¯ä»¥æ›¿ä»£Dialogï¼ŒPopupWindowï¼ŒPopupMenuï¼ŒBottomSheetï¼ŒDrawerLayoutï¼ŒSpinnerç­‰ç»„ä»¶ï¼Œè‡ªå¸¦åå‡ ç§æ•ˆæœè‰¯å¥½çš„åŠ¨ç”»ï¼Œ æ”¯æŒå®Œå…¨çš„UIå’ŒåŠ¨ç”»è‡ªå®šä¹‰ï¼(Powerful and Beautiful Popup for Androidï¼Œcan absolutely replace Dialogï¼ŒPopupWindowï¼ŒPopupMenuï¼ŒBottomSheetï¼ŒDrawerLayoutï¼ŒSpinner. With bu ...,6.0k,Java,10/27,
227,wowchemy/wowchemy-hugo-themes,https://github.com/wowchemy/wowchemy-hugo-themes,ğŸ”¥ Hugo website builderã€Hugo themes & Hugo CMS. No codeã€build with widgets! åˆ›å»ºåœ¨çº¿è¯¾ç¨‹ï¼Œå­¦æœ¯ç®€å†æˆ–åˆåˆ›ç½‘ç«™ã€‚,6.0k,HTML,10/31,
228,zouzg/mybatis-generator-gui,https://github.com/zouzg/mybatis-generator-gui,mybatis-generatorç•Œé¢å·¥å…·ï¼Œè®©ä½ ç”Ÿæˆä»£ç æ›´ç®€å•æ›´å¿«æ·,6.0k,Java,07/05,
229,chaitin/xray,https://github.com/chaitin/xray,ä¸€æ¬¾å®Œå–„çš„å®‰å…¨è¯„ä¼°å·¥å…·ï¼Œæ”¯æŒå¸¸è§ web å®‰å…¨é—®é¢˜æ‰«æå’Œè‡ªå®šä¹‰ poc   ä½¿ç”¨ä¹‹å‰åŠ¡å¿…å…ˆé˜…è¯»æ–‡æ¡£,6.0k,Vue,10/30,
230,hotoo/pinyin,https://github.com/hotoo/pinyin,:cn: æ±‰å­—æ‹¼éŸ³ âœ hÃ n zÃ¬ pÄ«n yÄ«n,6.0k,JavaScript,10/21,
231,Loyalsoldier/v2ray-rules-dat,https://github.com/Loyalsoldier/v2ray-rules-dat,ğŸ¦„ ğŸƒ ğŸ‘» V2Ray è·¯ç”±è§„åˆ™æ–‡ä»¶åŠ å¼ºç‰ˆï¼Œå¯ä»£æ›¿ V2Ray å®˜æ–¹ geoip.dat å’Œ geosite.datï¼Œå…¼å®¹ Shadowsocks-windowsã€Xray-coreã€Trojan-Go å’Œ leafã€‚Enhanced edition of V2Ray rules dat filesã€compatible with Xray-coreã€Shadowsocks-windowsã€Trojan-Go and leaf.,6.0k,-,11/01,
232,kekingcn/kkFileView,https://github.com/kekingcn/kkFileView,spring-bootæ‰“é€ æ–‡ä»¶æ–‡æ¡£åœ¨çº¿é¢„è§ˆé¡¹ç›®,6.0k,Java,10/11,
233,xianhu/LearnPython,https://github.com/xianhu/LearnPython,ä»¥æ’¸ä»£ç çš„å½¢å¼å­¦ä¹ Python,6.0k,Jupyter Notebook,09/26,
234,yezihaohao/react-admin,https://github.com/yezihaohao/react-admin,:sparkles: react-admin system solution : react åå°ç®¡ç†ç³»ç»Ÿè§£å†³æ–¹æ¡ˆ,5.9k,TypeScript,09/10,
235,eastlakeside/interpy-zh,https://github.com/eastlakeside/interpy-zh,ğŸ“˜ã€ŠPythonè¿›é˜¶ã€‹ï¼ˆIntermediate Python ä¸­æ–‡ç‰ˆï¼‰,5.9k,CSS,08/22,
236,kangvcar/InfoSpider,https://github.com/kangvcar/InfoSpider,INFO-SPIDER æ˜¯ä¸€ä¸ªé›†ä¼—å¤šæ•°æ®æºäºä¸€èº«çš„çˆ¬è™«å·¥å…·ç®±ğŸ§°ï¼Œæ—¨åœ¨å®‰å…¨å¿«æ·çš„å¸®åŠ©ç”¨æˆ·æ‹¿å›è‡ªå·±çš„æ•°æ®ï¼Œå·¥å…·ä»£ç å¼€æºï¼Œæµç¨‹é€æ˜ã€‚æ”¯æŒæ•°æ®æºåŒ…æ‹¬GitHubã€QQé‚®ç®±ã€ç½‘æ˜“é‚®ç®±ã€é˜¿é‡Œé‚®ç®±ã€æ–°æµªé‚®ç®±ã€Hotmailé‚®ç®±ã€Outlooké‚®ç®±ã€äº¬ä¸œã€æ·˜å®ã€æ”¯ä»˜å®ã€ä¸­å›½ç§»åŠ¨ã€ä¸­å›½è”é€šã€ä¸­å›½ç”µä¿¡ã€çŸ¥ä¹ã€å“”å“©å“”å“©ã€ç½‘æ˜“äº‘éŸ³ä¹ã€QQå¥½å‹ã€QQç¾¤ã€ç”Ÿæˆæœ‹å‹åœˆç›¸å†Œã€æµè§ˆå™¨æµè§ˆå†å²ã€12306ã€åšå®¢å›­ã€CSDNåšå®¢ã€å¼€æºä¸­å›½åšå®¢ã€ç®€ä¹¦ã€‚,5.9k,Python,09/08,
237,fengdu78/Data-Science-Notes,https://github.com/fengdu78/Data-Science-Notes,æ•°æ®ç§‘å­¦çš„ç¬”è®°ä»¥åŠèµ„æ–™æœé›†,5.9k,Jupyter Notebook,08/16,
238,SecWiki/windows-kernel-exploits,https://github.com/SecWiki/windows-kernel-exploits,windows-kernel-exploits   Windowså¹³å°ææƒæ¼æ´é›†åˆ,5.8k,C,06/12,
239,selierlin/Share-SSR-V2ray,https://github.com/selierlin/Share-SSR-V2ray,ğŸƒ Free SS/SSR/V2ray å…è´¹åˆ†äº«èŠ‚ç‚¹è´¦å·ä¿¡æ¯ç½‘ç«™,5.8k,-,10/29,
240,ityouknow/spring-cloud-examples,https://github.com/ityouknow/spring-cloud-examples,Spring Cloud å­¦ä¹ æ¡ˆä¾‹ï¼ŒæœåŠ¡å‘ç°ã€æœåŠ¡æ²»ç†ã€é“¾è·¯è¿½è¸ªã€æœåŠ¡ç›‘æ§ç­‰,5.8k,Java,08/21,
241,metersphere/metersphere,https://github.com/metersphere/metersphere,MeterSphere is an End-to-End open source continuous testing platform. MeterSphere æ˜¯ä¸€ç«™å¼å¼€æºæŒç»­æµ‹è¯•å¹³å°ï¼Œæ¶µç›–æµ‹è¯•è·Ÿè¸ªã€æ¥å£æµ‹è¯•ã€æ€§èƒ½æµ‹è¯•ã€å›¢é˜Ÿåä½œç­‰åŠŸèƒ½ï¼Œå…¨é¢å…¼å®¹ JMeterã€Postmanã€Swagger ç­‰å¼€æºã€ä¸»æµæ ‡å‡†ã€‚,5.8k,Java,10/29,
242,guodongxiaren/README,https://github.com/guodongxiaren/README,READMEæ–‡ä»¶è¯­æ³•è§£è¯»ï¼Œå³Github Flavored Markdownè¯­æ³•ä»‹ç»,5.8k,-,10/16,
243,Tencent/Shadow,https://github.com/Tencent/Shadow,é›¶åå°„å…¨åŠ¨æ€Androidæ’ä»¶æ¡†æ¶,5.7k,Java,10/29,
244,HcySunYang/vue-design,https://github.com/HcySunYang/vue-design,ğŸ“– masteråˆ†æ”¯ï¼šã€Šæ¸²æŸ“å™¨ã€‹,5.7k,JavaScript,10/11,
245,sparklemotion/nokogiri,https://github.com/sparklemotion/nokogiri,Nokogiri (é‹¸) makes it easy and painless to work with XML and HTML from Ruby.,5.7k,C,10/29,
246,wangzhiwubigdata/God-Of-BigData,https://github.com/wangzhiwubigdata/God-Of-BigData,ä¸“æ³¨å¤§æ•°æ®å­¦ä¹ é¢è¯•ï¼Œå¤§æ•°æ®æˆç¥ä¹‹è·¯å¼€å¯ã€‚Flink/Spark/Hadoop/Hbase/Hive...,5.7k,-,10/29,
247,sohutv/cachecloud,https://github.com/sohutv/cachecloud,æœç‹è§†é¢‘(sohu tv)Redisç§æœ‰äº‘å¹³å°,5.7k,Java,06/08,
248,jobbole/awesome-cpp-cn,https://github.com/jobbole/awesome-cpp-cn,C++ èµ„æºå¤§å…¨ä¸­æ–‡ç‰ˆï¼Œæ ‡å‡†åº“ã€Webåº”ç”¨æ¡†æ¶ã€äººå·¥æ™ºèƒ½ã€æ•°æ®åº“ã€å›¾ç‰‡å¤„ç†ã€æœºå™¨å­¦ä¹ ã€æ—¥å¿—ã€ä»£ç åˆ†æç­‰ã€‚ç”±ã€Œå¼€æºå‰å“¨ã€å’Œã€ŒCPPå¼€å‘è€…ã€å¾®ä¿¡å…¬å·å›¢é˜Ÿç»´æŠ¤æ›´æ–°ã€‚,5.7k,-,10/15,
249,senghoo/golang-design-pattern,https://github.com/senghoo/golang-design-pattern,è®¾è®¡æ¨¡å¼ Golangå®ç°ï¼ã€Šç ”ç£¨è®¾è®¡æ¨¡å¼ã€‹è¯»ä¹¦ç¬”è®°,5.6k,Go,05/12,
250,liyifeng1994/ssm,https://github.com/liyifeng1994/ssm,æ‰‹æŠŠæ‰‹æ•™ä½ æ•´åˆæœ€ä¼˜é›…SSMæ¡†æ¶ï¼šSpringMVC + Spring + MyBatis,5.5k,Java,07/15,
251,yangchong211/YCBlogs,https://github.com/yangchong211/YCBlogs,æŠ€æœ¯åšå®¢ç¬”è®°å¤§æ±‡æ€»ã€15å¹´10æœˆåˆ°è‡³ä»Šã€‘ï¼ŒåŒ…æ‹¬JavaåŸºç¡€åŠæ·±å…¥çŸ¥è¯†ç‚¹ï¼ŒAndroidæŠ€æœ¯åšå®¢ï¼ŒPythonï¼ŒGoå­¦ä¹ ç¬”è®°ç­‰ç­‰ï¼Œè¿˜åŒ…æ‹¬å¹³æ—¶å¼€å‘ä¸­é‡åˆ°çš„bugæ±‡æ€»ï¼Œå½“ç„¶ä¹Ÿåœ¨å·¥ä½œä¹‹ä½™æ”¶é›†äº†å¤§é‡çš„é¢è¯•é¢˜ï¼Œé•¿æœŸæ›´æ–°ç»´æŠ¤å¹¶ä¸”ä¿®æ­£ï¼ŒæŒç»­å®Œå–„â€¦â€¦å¼€æºçš„æ–‡ä»¶æ˜¯markdownæ ¼å¼çš„ï¼åŒæ—¶ä¹Ÿå¼€æºäº†ç”Ÿæ´»åšå®¢ï¼Œä»12å¹´èµ·ï¼Œç§¯ç´¯å…±è®¡Nç¯‡[è¿‘100ä¸‡å­—]ï¼Œè½¬è½½è¯·æ³¨æ˜å‡ºå¤„ï¼Œè°¢è°¢ï¼,5.5k,-,08/23,
252,me115/design_patterns,https://github.com/me115/design_patterns,å›¾è¯´è®¾è®¡æ¨¡å¼,5.5k,C++,08/10,
253,pujiaxin33/JXCategoryView,https://github.com/pujiaxin33/JXCategoryView,A powerful and easy to use category view (segmentedcontrolã€segmentviewã€pagingviewã€pagerviewã€pagecontrol) (è…¾è®¯æ–°é—»ã€ä»Šæ—¥å¤´æ¡ã€QQéŸ³ä¹ã€ç½‘æ˜“äº‘éŸ³ä¹ã€äº¬ä¸œã€çˆ±å¥‡è‰ºã€è…¾è®¯è§†é¢‘ã€æ·˜å®ã€å¤©çŒ«ã€ç®€ä¹¦ã€å¾®åšç­‰æ‰€æœ‰ä¸»æµAPPåˆ†ç±»åˆ‡æ¢æ»šåŠ¨è§†å›¾,5.5k,Objective-C,10/25,
254,knightliao/disconf,https://github.com/knightliao/disconf,Distributed Configuration Management Platform(åˆ†å¸ƒå¼é…ç½®ç®¡ç†å¹³å°,5.5k,Java,09/28,
255,jpush/aurora-imui,https://github.com/jpush/aurora-imui,General IM UI components. Android/iOS/RectNative ready.  é€šç”¨ IM èŠå¤© UI ç»„ä»¶ï¼Œå·²ç»åŒæ—¶æ”¯æŒ Android/iOS/RNã€‚,5.5k,Java,09/21,
256,wxiaoqi/Spring-Cloud-Platform,https://github.com/wxiaoqi/Spring-Cloud-Platform,ğŸ”¥ğŸ”¥ğŸ”¥å›½å†…é¦–ä¸ªSpring Cloudå¾®æœåŠ¡åŒ–RBACçš„ç®¡ç†å¹³å°ï¼Œæ ¸å¿ƒé‡‡ç”¨Spring Boot 2.4ã€Spring Cloud 2020.0.0 & Alibabaï¼Œå‰ç«¯é‡‡ç”¨d2-adminä¸­å°æ¡†æ¶ã€‚ ğŸ” ğŸ” è®°å¾—ä¸Šè¾¹ç‚¹ä¸ªstar å…³æ³¨æ›´æ–°,5.5k,Java,09/08,
257,simplezhli/flutter_deer,https://github.com/simplezhli/flutter_deer,ğŸ¦Œ Flutter ç»ƒä¹ é¡¹ç›®(åŒ…æ‹¬é›†æˆæµ‹è¯•ã€å¯è®¿é—®æ€§æµ‹è¯•)ã€‚å†…å«å®Œæ•´UIè®¾è®¡å›¾ï¼Œæ›´è´´è¿‘çœŸå®é¡¹ç›®çš„ç»ƒä¹ ã€‚Flutter practice project. Includes a complete UI design and exercises that are closer to real projects.,5.4k,Dart,10/29,
258,shengcaishizhan/kkndme_tianya,https://github.com/shengcaishizhan/kkndme_tianya,å¤©æ¶¯ kkndme ç¥è´´èŠæˆ¿ä»·,5.3k,-,10/25,
259,jobbole/awesome-c-cn,https://github.com/jobbole/awesome-c-cn,C èµ„æºå¤§å…¨ä¸­æ–‡ç‰ˆï¼ŒåŒ…æ‹¬äº†ï¼šæ„å»ºç³»ç»Ÿã€ç¼–è¯‘å™¨ã€æ•°æ®åº“ã€åŠ å¯†ã€åˆä¸­é«˜çš„æ•™ç¨‹/æŒ‡å—ã€ä¹¦ç±ã€åº“ç­‰ã€‚,5.3k,-,08/05,
260,mindoc-org/mindoc,https://github.com/mindoc-org/mindoc,Golangå®ç°çš„åŸºäºbeegoæ¡†æ¶çš„æ¥å£åœ¨çº¿æ–‡æ¡£ç®¡ç†ç³»ç»Ÿ,5.3k,Go,10/15,
261,Jrohy/multi-v2ray,https://github.com/Jrohy/multi-v2ray,v2ray/xrayå¤šç”¨æˆ·ç®¡ç†éƒ¨ç½²ç¨‹åº,5.3k,Python,10/15,
262,changmingxie/tcc-transaction,https://github.com/changmingxie/tcc-transaction,tcc-transactionæ˜¯TCCå‹äº‹åŠ¡javaå®ç°,5.3k,Java,09/29,
263,OpenAtomFoundation/TencentOS-tiny,https://github.com/OpenAtomFoundation/TencentOS-tiny,è…¾è®¯ç‰©è”ç½‘ç»ˆç«¯æ“ä½œç³»ç»Ÿ,5.2k,C,09/29,
264,527515025/springBoot,https://github.com/527515025/springBoot,springboot æ¡†æ¶ä¸å…¶å®ƒç»„ä»¶ç»“åˆå¦‚ jpaã€mybatisã€websocketã€securityã€shiroã€cacheç­‰,5.2k,Java,06/05,
265,liuwons/wxBot,https://github.com/liuwons/wxBot,Pythonç½‘é¡µå¾®ä¿¡API,5.3k,Python,04/07,
266,roboticcam/machine-learning-notes,https://github.com/roboticcam/machine-learning-notes,My continuously updated Machine Learningã€Probabilistic Models and Deep Learning notes and demos (2000+ slides)  æˆ‘ä¸é—´æ–­æ›´æ–°çš„æœºå™¨å­¦ä¹ ï¼Œæ¦‚ç‡æ¨¡å‹å’Œæ·±åº¦å­¦ä¹ çš„è®²ä¹‰(2000+é¡µ)å’Œè§†é¢‘é“¾æ¥,5.3k,Jupyter Notebook,10/13,
267,gzu-liyujiang/AndroidPicker,https://github.com/gzu-liyujiang/AndroidPicker,å®‰å“é€‰æ‹©å™¨ç±»åº“ï¼ŒåŒ…æ‹¬æ—¥æœŸåŠæ—¶é—´é€‰æ‹©å™¨ï¼ˆå¯ç”¨äºå‡ºç”Ÿæ—¥æœŸã€è¥ä¸šæ—¶é—´ç­‰ï¼‰ã€å•é¡¹é€‰æ‹©å™¨ï¼ˆå¯ç”¨äºæ€§åˆ«ã€æ°‘æ—ã€èŒä¸šã€å­¦å†ã€æ˜Ÿåº§ç­‰ï¼‰ã€äºŒä¸‰çº§è”åŠ¨é€‰æ‹©å™¨ï¼ˆå¯ç”¨äºè½¦ç‰Œå·ã€åŸºé‡‘å®šæŠ•æ—¥æœŸç­‰ï¼‰ã€åŸå¸‚åœ°å€é€‰æ‹©å™¨ï¼ˆåˆ†çœçº§ã€åœ°å¸‚çº§åŠåŒºå¿çº§ï¼‰ã€æ•°å­—é€‰æ‹©å™¨ï¼ˆå¯ç”¨äºå¹´é¾„ã€èº«é«˜ã€ä½“é‡ã€æ¸©åº¦ç­‰ï¼‰ã€æ—¥å†é€‰æ—¥æœŸæ‹©å™¨ï¼ˆå¯ç”¨äºé…’åº—åŠæœºç¥¨é¢„å®šæ—¥æœŸï¼‰ã€é¢œè‰²é€‰æ‹©å™¨ã€æ–‡ä»¶åŠç›®å½•é€‰æ‹©å™¨ã€å›¾ç‰‡é€‰æ‹©å™¨ç­‰â€¦â€¦WheelPicker/DatePicker/TimePicker/OptionPicker/NumberPicker/LinkagePicker/AddressPicker/CarNumberPicker/CalendarPicker/ColorPi ...,5.2k,Java,10/28,
268,zhongsp/TypeScript,https://github.com/zhongsp/TypeScript,TypeScriptä½¿ç”¨æ‰‹å†Œï¼ˆä¸­æ–‡ç‰ˆï¼‰ç¿»è¯‘ã€‚TypeScript is a superset of JavaScript that compiles to clean JavaScript output.  http://www.typescriptlang.org,5.2k,TypeScript,10/07,
269,JakHuang/form-generator,https://github.com/JakHuang/form-generator,:sparkles:Element UIè¡¨å•è®¾è®¡åŠä»£ç ç”Ÿæˆå™¨,5.2k,Vue,10/06,
270,lcdevelop/ChatBotCourse,https://github.com/lcdevelop/ChatBotCourse,è‡ªå·±åŠ¨æ‰‹åšèŠå¤©æœºå™¨äººæ•™ç¨‹,5.2k,Python,09/06,
271,chyroc/WechatSogou,https://github.com/chyroc/WechatSogou,åŸºäºæœç‹—å¾®ä¿¡æœç´¢çš„å¾®ä¿¡å…¬ä¼—å·çˆ¬è™«æ¥å£,5.2k,Python,10/09,
272,YunaiV/onemall,https://github.com/YunaiV/onemall,èŠ‹é“ mall å•†åŸï¼ŒåŸºäºå¾®æœåŠ¡çš„æ€æƒ³ï¼Œæ„å»ºåœ¨ B2C ç”µå•†åœºæ™¯ä¸‹çš„é¡¹ç›®å®æˆ˜ã€‚æ ¸å¿ƒæŠ€æœ¯æ ˆï¼Œæ˜¯ Spring Boot + Dubbo ã€‚æœªæ¥ï¼Œä¼šé‡æ„æˆ Spring Cloud Alibaba ã€‚,5.2k,Java,10/13,
273,imDazui/Tvlist-awesome-m3u-m3u8,https://github.com/imDazui/Tvlist-awesome-m3u-m3u8,ç›´æ’­æºç›¸å…³èµ„æºæ±‡æ€» ğŸ“º ğŸ’¯ IPTVã€M3U â€”â€” å‹¤æ´—æ‰‹ã€æˆ´å£ç½©ï¼Œç¥æ„¿æ‰€æœ‰äººç™¾æ¯’ä¸ä¾µ,5.1k,-,08/19,
274,changgyhub/leetcode_101,https://github.com/changgyhub/leetcode_101,LeetCode 101ï¼šå’Œä½ ä¸€èµ·ä½ è½»æ¾åˆ·é¢˜ï¼ˆC++ï¼‰,5.1k,-,10/30,
275,AutoPiano/AutoPiano,https://github.com/AutoPiano/AutoPiano,è‡ªç”±é’¢ç´ ğŸ¹ AutoPiano ( https://www.autopiano.cn )   Simple & Elegant Piano Online,5.1k,JavaScript,09/18,
276,chillzhuang/SpringBlade,https://github.com/chillzhuang/SpringBlade,SpringBlade æ˜¯ä¸€ä¸ªç”±å•†ä¸šçº§é¡¹ç›®å‡çº§ä¼˜åŒ–è€Œæ¥çš„SpringCloudåˆ†å¸ƒå¼å¾®æœåŠ¡æ¶æ„ã€SpringBootå•ä½“å¼å¾®æœåŠ¡æ¶æ„å¹¶å­˜çš„ç»¼åˆå‹é¡¹ç›®ï¼Œé‡‡ç”¨Java8 APIé‡æ„äº†ä¸šåŠ¡ä»£ç ï¼Œå®Œå…¨éµå¾ªé˜¿é‡Œå·´å·´ç¼–ç è§„èŒƒã€‚é‡‡ç”¨Spring Boot 2.4 ã€Spring Cloud 2020 ã€Mybatis ç­‰æ ¸å¿ƒæŠ€æœ¯ï¼ŒåŒæ—¶æä¾›åŸºäºReactå’ŒVueçš„ä¸¤ä¸ªå‰ç«¯æ¡†æ¶ç”¨äºå¿«é€Ÿæ­å»ºä¼ä¸šçº§çš„SaaSå¤šç§Ÿæˆ·å¾®æœåŠ¡å¹³å°ã€‚,5.0k,PLpgSQL,07/06,
277,DMQ/mvvm,https://github.com/DMQ/mvvm,å‰–ævueå®ç°åŸç†ï¼Œè‡ªå·±åŠ¨æ‰‹å®ç°mvvm,5.0k,CSS,06/08,
278,paddingme/Front-end-Web-Development-Interview-Question,https://github.com/paddingme/Front-end-Web-Development-Interview-Question,å‰ç«¯å¼€å‘é¢è¯•é¢˜å¤§æ”¶é›†ï¼Œå‰ç«¯é¢è¯•é›†é”¦ :heart: :gift_heart: :cupid:,5.0k,HTML,10/13,
279,gedoor/legado,https://github.com/gedoor/legado,é˜…è¯»3.0ã€é˜…è¯»æ˜¯ä¸€æ¬¾å¯ä»¥è‡ªå®šä¹‰æ¥æºé˜…è¯»ç½‘ç»œå†…å®¹çš„å·¥å…·ï¼Œä¸ºå¹¿å¤§ç½‘ç»œæ–‡å­¦çˆ±å¥½è€…æä¾›ä¸€ç§æ–¹ä¾¿ã€å¿«æ·èˆ’é€‚çš„è¯•è¯»ä½“éªŒã€‚,5.1k,Kotlin,10/27,
280,EasyDarwin/EasyDarwin,https://github.com/EasyDarwin/EasyDarwin,open sourceã€high performanceã€industrial rtsp streaming serverã€a lot of optimization on streaming relayã€KeyFrame cache RESTfulã€and web managementã€also EasyDarwin support distributed load balancingã€a simple streaming media cloud platform architecture.é«˜æ€§èƒ½å¼€æºRTSPæµåª’ä½“æœåŠ¡å™¨ã€åŸºäºgoè¯­è¨€ç ”å‘ï¼Œç»´æŠ¤å’Œä¼˜åŒ–ï¼šRTSPæ¨æ¨¡å¼è½¬å‘ã€RTSPæ‹‰æ¨¡å¼è½¬å‘ã€ ...,5.1k,Go,10/26,
281,MintCN/linux-insides-zh,https://github.com/MintCN/linux-insides-zh,Linux å†…æ ¸æ­ç§˜,5.0k,-,10/28,
282,ZXZxin/ZXBlog,https://github.com/ZXZxin/ZXBlog,è®°å½•å„ç§å­¦ä¹ ç¬”è®°(ç®—æ³•ã€Javaã€æ•°æ®åº“ã€å¹¶å‘......,4.9k,Java,09/26,
283,yipianfengye/android-zxingLibrary,https://github.com/yipianfengye/android-zxingLibrary,å‡ è¡Œä»£ç å¿«é€Ÿé›†æˆäºŒç»´ç æ‰«æåŠŸèƒ½,4.9k,Java,08/21,
284,fanux/sealos,https://github.com/fanux/sealos,ä¸€æ¡å‘½ä»¤ç¦»çº¿å®‰è£…é«˜å¯ç”¨kubernetesï¼Œ3minè£…å®Œï¼Œ700Mï¼Œ100å¹´è¯ä¹¦ï¼Œç”Ÿäº§ç¯å¢ƒç¨³å¦‚è€ç‹—,4.9k,Go,10/09,
285,fecshop/yii2_fecshop,https://github.com/fecshop/yii2_fecshop,yii2 ( PHP ) fecmallï¼ˆfecshopï¼‰ core code used for ecommerce shop å¤šè¯­è¨€å¤šè´§å¸å¤šå…¥å£çš„å¼€æºç”µå•† B2C å•†åŸï¼Œæ”¯æŒç§»åŠ¨ç«¯vueã€appã€htmlã€å¾®ä¿¡å°ç¨‹åºå¾®åº—ï¼Œå¾®ä¿¡å°ç¨‹åºå•†åŸç­‰,4.8k,PHP,09/02,
286,FQrabbit/SSTap-Rule,https://github.com/FQrabbit/SSTap-Rule,æ”¯æŒæ›´å¤šæ¸¸æˆè§„åˆ™ï¼Œè®©SSTapæˆä¸ºçœŸæ­£çš„â€œç½‘æ¸¸åŠ é€Ÿå™¨â€,4.8k,Batchfile,09/29,
287,SecWiki/sec-chart,https://github.com/SecWiki/sec-chart,å®‰å…¨æ€ç»´å¯¼å›¾é›†åˆ,4.8k,-,09/02,
288,wklken/k-vim,https://github.com/wklken/k-vim,vimé…ç½®,4.8k,Vim script,08/16,
289,billryan/resume,https://github.com/billryan/resume,An elegant \LaTeX\ rÃ©sumÃ© template. å¤§é™†é•œåƒ https://gods.coding.net/p/resume/git,4.8k,TeX,09/05,
290,nl8590687/ASRT_SpeechRecognition,https://github.com/nl8590687/ASRT_SpeechRecognition,A Deep-Learning-Based Chinese Speech Recognition System åŸºäºæ·±åº¦å­¦ä¹ çš„ä¸­æ–‡è¯­éŸ³è¯†åˆ«ç³»ç»Ÿ,4.8k,Python,09/08,
291,zhangkaitao/shiro-example,https://github.com/zhangkaitao/shiro-example,è·Ÿæˆ‘å­¦Shiroï¼ˆæˆ‘çš„å…¬ä¼—å·ï¼škaitao-1234567ï¼Œæˆ‘çš„æ–°ä¹¦ï¼šã€Šäº¿çº§æµé‡ç½‘ç«™æ¶æ„æ ¸å¿ƒæŠ€æœ¯ã€‹ï¼‰ ,4.8k,HTML,09/01,
292,me115/linuxtools_rst,https://github.com/me115/linuxtools_rst,Linuxå·¥å…·å¿«é€Ÿæ•™ç¨‹,4.8k,HTML,08/16,
293,sorenduan/awesome-java-books,https://github.com/sorenduan/awesome-java-books,Javaå¼€å‘è€…æŠ€æœ¯ä¹¦ç±å¤§å…¨ - Javaå…¥é—¨ä¹¦ç±ï¼ŒJavaåŸºç¡€åŠè¿›é˜¶ä¹¦ç±ï¼Œæ¡†æ¶ä¸ä¸­é—´ä»¶ï¼Œæ¶æ„è®¾è®¡ï¼Œè®¾è®¡æ¨¡å¼ï¼Œæ•°å­¦ä¸ç®—æ³•ï¼ŒJVMå‘¨è¾¹è¯­è¨€ï¼Œé¡¹ç›®ç®¡ç†&é¢†å¯¼åŠ›&æµç¨‹ï¼ŒèŒä¸šç´ å…»ä¸ä¸ªäººæˆé•¿ï¼Œæ ¼å±€ä¸è§†é‡ï¼Œé¢è¯•å‚è€ƒä¹¦ç­‰ã€‚,4.8k,-,10/20,
294,jackfrued/Python-Core-50-Courses,https://github.com/jackfrued/Python-Core-50-Courses,Pythonè¯­è¨€åŸºç¡€50è¯¾,4.7k,-,09/10,
295,ffay/lanproxy,https://github.com/ffay/lanproxy,lanproxyæ˜¯ä¸€ä¸ªå°†å±€åŸŸç½‘ä¸ªäººç”µè„‘ã€æœåŠ¡å™¨ä»£ç†åˆ°å…¬ç½‘çš„å†…ç½‘ç©¿é€å·¥å…·ï¼Œæ”¯æŒtcpæµé‡è½¬å‘ï¼Œå¯æ”¯æŒä»»ä½•tcpä¸Šå±‚åè®®ï¼ˆè®¿é—®å†…ç½‘ç½‘ç«™ã€æœ¬åœ°æ”¯ä»˜æ¥å£è°ƒè¯•ã€sshè®¿é—®ã€è¿œç¨‹æ¡Œé¢ã€httpä»£ç†ã€httpsä»£ç†ã€socks5ä»£ç†...ï¼‰ã€‚æŠ€æœ¯äº¤æµQQç¾¤ 678776401,4.7k,Java,09/05,
296,pythonstock/stock,https://github.com/pythonstock/stock,stockï¼Œè‚¡ç¥¨ç³»ç»Ÿã€‚ä½¿ç”¨pythonè¿›è¡Œå¼€å‘ã€‚,4.7k,Python,10/23,
297,hongyangAndroid/baseAdapter,https://github.com/hongyangAndroid/baseAdapter,RecyclerViewã€GridViewç­‰ã€æ”¯æŒå¤šç§Itemç±»å‹çš„æƒ…å†µã€‚,4.6k,Java,10/13,
298,dataabc/weiboSpider,https://github.com/dataabc/weiboSpider,æ–°æµªå¾®åšçˆ¬è™«ï¼Œç”¨pythonçˆ¬å–æ–°æµªå¾®åšæ•°æ®,4.6k,Python,10/13,
299,xiaolin3303/wx-charts,https://github.com/xiaolin3303/wx-charts,å¾®ä¿¡å°ç¨‹åºå›¾è¡¨chartsç»„ä»¶ï¼ŒCharts for WeChat small app,4.6k,JavaScript,06/17,
300,Nepxion/Discovery,https://github.com/Nepxion/Discovery,â˜€ï¸ Nepxion Discovery is a solution for Spring Cloud with blue greenã€grayã€routeã€limitationã€circuit breakerã€degradeã€isolationã€tracingã€dyeã€failover è“ç»¿ã€ç°åº¦ã€è·¯ç”±ã€é™æµã€ç†”æ–­ã€é™çº§ã€éš”ç¦»ã€è¿½è¸ªã€æµé‡æŸ“è‰²ã€æ•…éšœè½¬ç§»,4.6k,Java,10/06,
